compressor_id, rel_bound             , cr                     , psnr              , ssim_pressio         , contrast          , xshift                 , yshift                 , fwhm_x            , fwhm_y            , ssim_full         , dssim_full             , ssim_roi          , dssim_roi
sz           , 1e-08                 ,     20.88544222759435  , 171.1454210423778 , 0.9996922201012542   , 61.961914300449706, 1.4877747242987973e-07 , -1.3568639113589178e-07, 5.92162114958977  , 4.933480828521893 , 1.0000000000003417, -1.6881259573813673e-13, 1.0000000003137086, -1.3709068602540952e-10
sz           , 1.3257113655901082e-08,     21.401793682302745 , 169.8559837922379 , 0.9997486186845055   , 61.96156222200457 , -3.1004163985670496e-07, -3.541080845984888e-08 , 5.921618979685778 , 4.933483752134841 , 1.0               , 0.0                    , 1.000000000234456 , -9.387731564336477e-11
sz           , 1.757510624854793e-08 ,     22.63982352174753  , 169.24554998985428, 0.9999402577439598   , 61.9617323358035  , 2.3537872407002685e-07 , 2.334113835058835e-07  , 5.921617054879729 , 4.933481882310676 , 0.9999999999998932, 5.2753933627068886e-14 , 1.0000000002905933, -1.1175870645585562e-10
sz           , 2.329951810515372e-08 ,     22.596532919762794 , 164.71874265323135, 0.9990000506179789   , 61.96178247236607 , 3.886361934765879e-08  , -1.9973820802876577e-08, 5.9216160681589445, 4.933481680142645 , 1.0000000000003844, -1.8991416512320614e-13, 1.000000000036324 , 2.533197436538348e-11
sz           , 3.0888435964774783e-08,     23.16973812777952  , 162.6639711632204 , 0.998684132968604    , 61.96164790914673 , -1.3484886388606068e-07, 7.677371796948497e-07  , 5.92162168617152  , 4.933480544178683 , 1.0000000000006406, -3.165236085386769e-13 , 0.9999999992008685, 4.366040307068886e-10
sz           , 4.0949150623804276e-08,     24.15885067027557  , 160.379244765852  , 0.9983430809343065   , 61.96179400516358 , 4.85720967240608e-07   , -1.2439190287042798e-06, 5.921635215335566 , 4.933484358976261 , 0.9999999999998932, 5.2753933627068886e-14 , 0.9999999983307397, 8.739530765744519e-10
sz           , 5.4286754393238595e-08,     24.852304906602985 , 156.8739544191447 , 0.9935846027809022   , 61.961569992092876, 2.374903044766518e-06  , -1.3739252134100357e-06, 5.921618068752134 , 4.9334861041243006, 0.99999999999622  , 1.867489236168085e-12  , 0.9999999964864631, 1.8402933621430861e-09
sz           , 7.196856730011513e-08 ,     25.904479573578378 , 155.27564459956037, 0.9939055173573049   , 61.96171194537529 , 1.935257294220569e-06  , 1.3850030332522267e-06 , 5.921626491304037 , 4.93347798600554  , 0.9999999999934011, 3.2812947237809142e-12 , 0.9999999935739259, 3.33637006910692e-09
sz           , 9.540954763499944e-08 ,     27.84914306313204  , 154.59453818364307, 0.9989455469003689   , 61.961959694281354, -1.5125568313283332e-06, 1.8876425978226034e-06 , 5.921622792384445 , 4.933483035774107 , 0.9999999999908811, 4.547388941095187e-12  , 0.9999999885578895, 5.897879518101945e-09
sz           , 1.2648552168552957e-07,     28.802018427583604 , 149.1191068076134 , 0.963502871912603    , 61.9601808344284  , 2.0020909971344226e-06 , -3.3948888559425285e-06, 5.921644170880489 , 4.9334904488229245, 0.9999999999767863, 1.1489806502062994e-11 , 0.9999999803833024, 1.0209530998395167e-08
sz           , 1.67683293681101e-07  ,     31.294275425737265 , 148.73524603333118, 0.9844486002134625   , 61.9635934890176  , 1.6064500245949201e-06 , -9.897882205741927e-07 , 5.921569690562373 , 4.93345981076439  , 0.9999999999651048, 1.7324391921036408e-11 , 0.9999999610043628, 2.0009279566579607e-08
sz           , 2.2229964825261955e-07,     33.486478675931004 , 146.45425654653303, 0.9847884280336161   , 61.95928391285747 , -5.4592447739566024e-06, -4.07529208792113e-06  , 5.921629494150163 , 4.9334755585202315, 0.9999999999343954, 3.253862804197816e-11  , 0.9999999271056659, 3.7082283910194747e-08
sz           , 2.94705170255181e-07  ,     37.29507369309677  , 142.3955546081853 , 0.9054030246333057   , 61.96038863295883 , -9.935548842362939e-06 , 1.1498738334294222e-06 , 5.921603292073178 , 4.933520963562645 , 0.9999999998915345, 5.3777361036511095e-11 , 0.9999998695714982, 6.661787921302675e-08
sz           , 3.906939937054621e-07 ,     67.6500283843097   , 138.55589132733596, 0.414139406665655    , 61.989039672506266, -2.6606247409551626e-06, 1.8912517872620317e-05 , 5.921507295379071 , 4.933373027269306 , 0.9999999996939517, 1.5175197209948976e-10 , 0.9999997008705404, 1.5397370134451194e-07
sz           , 5.179474679231213e-07 ,     78.08378697468332  , 137.43108916047223, 0.3858194206472727   , 61.97612979875747 , -8.755545981817552e-07 , -1.3448240335264826e-05, 5.92160908999229  , 4.9334134234789495, 0.9999999996147435, 1.9104309800788144e-10 , 0.9999995411763231, 2.325355978882726e-07
sz           , 6.866488450042998e-07 ,     90.56717552232487  , 135.70832529732755, 0.3842109780780631   , 61.93313575596663 , -1.2972120803743476e-05, -4.792007504676086e-06 , 5.921848421117199 , 4.933505739420082 , 0.9999999993075207, 3.432804041025861e-10  , 0.9999992138147354, 3.9848907817940926e-07
sz           , 9.102981779915227e-07 ,    138.85093192926684  , 134.24155896257298, 0.2853909402720684   , 61.94591141209011 , -8.405201073498263e-06 , 7.477251441323533e-06  , 5.921698974577794 , 4.933507894514485 , 0.9999999988256084, 5.821502169212067e-10  , 0.9999985640894343, 7.213949970719113e-07
sz           , 1.2067926406393288e-06,    195.5951679478926   , 132.8592615437197 , 0.249657580695464    , 61.93360008044857 , -6.28852194890021e-06  , 6.568007384607196e-06  , 5.92170193204806  , 4.93340033307452  , 0.999999998048881 , 9.675599210723362e-10  , 0.9999975106012788, 1.2450747135517304e-06
sz           , 1.5998587196060574e-06,    262.79159930565385  , 131.65467842518524, 0.1620494016511757   , 61.913360553350344, -3.8598478287837414e-05, 3.143085139152507e-06  , 5.921599041317074 , 4.933287979137494 , 0.9999999970361946, 1.4698934291956789e-09 , 0.9999959588645237, 2.0032405245729024e-06
sz           , 2.1209508879201924e-06,    354.6871074916474   , 130.52531831785382, 0.14767426572785258  , 61.88310776281101 , 4.2141962775622744e-05 , -2.0115609407079832e-05, 5.922121363571354 , 4.9332538146215965, 0.9999999957715752, 2.0971588909901584e-09 , 0.9999936743968081, 3.1262836728274124e-06
sz           , 2.811768697974231e-06 ,    497.2047194853246   , 129.54333534263708, 0.25269700741478723  , 61.8841590950675  , -5.0823192737595094e-05, -7.774885660626104e-05 , 5.921381133255065 , 4.933437071166643 , 0.9999999942263422, 2.8622701986336097e-09 , 0.9999901473241499, 4.844953309657285e-06
sz           , 3.727593720314938e-06 ,    673.9457347579388   , 128.5855869817474 , 0.24264326447448278  , 61.88802879705817 , -5.649448628716423e-05 , -3.8531976756253544e-05, 5.921857903407616 , 4.933342723602517 , 0.9999999924769489, 3.728922504109278e-09  , 0.9999850650606393, 7.299545359273907e-06
sz           , 4.941713361323838e-06 ,    890.2040616842207   , 127.683897432968  , 0.23700532336218613  , 61.87025158389828 , 1.8008982940964643e-05 , -0.00019722211798838847, 5.9222114980919445, 4.933177357459611 , 0.9999999901858901, 4.863037084135158e-09  , 0.9999771136161033, 1.1131803148600738e-05
sz           , 6.551285568595509e-06 ,   1163.67078180029     , 126.82490486390941, 0.23138533999593203  , 61.81951102241622 , 0.00011759367854870136 , -0.00013768702333171592, 5.922219020859591 , 4.933451975516431 , 0.99999998736741  , 6.261501539484016e-09  , 0.9999648589523215, 1.6956133549683727e-05
sz           , 8.68511373751352e-06  ,   1513.404381917709    , 125.98477339285124, 0.22729572848799912  , 61.733778995961025, 0.00013731243265523402 , -2.4243988010990434e-06, 5.92193039954899  , 4.933057281382275 , 0.9999999838768027, 7.988665728930755e-09  , 0.9999458407348543, 2.5936675228876993e-05
sz           , 1.1513953993264481e-05,   1904.2251853568423   , 125.12307572855693, 0.22211355616012426  , 61.740031568946435, 0.000214181619642078   , 2.2485905686659373e-05 , 5.923128877662291 , 4.933406928671606 , 0.999999979789368 , 1.001255967025827e-08  , 0.9999184037872959, 3.879331416101195e-05
sz           , 1.5264179671752335e-05,   2347.162331739586    , 124.20558970734577, 0.21890148215781044  , 61.56174696333873 , -0.00019220917861829752, -9.746112041366943e-05 , 5.921318499344753 , 4.933580095925041 , 0.9999999744141645, 1.267056681797385e-08  , 0.9998766916693083, 5.8211040595779195e-05
sz           , 2.0235896477251556e-05,   2866.475428616732    , 123.2036124763514 , 0.2142525934989172   , 61.50327887007778 , -2.5768821985412426e-05, -0.0003565874806566633 , 5.922609206884131 , 4.932026681502692 , 0.9999999664423666, 1.6610588460252984e-08 , 0.9998046403925175, 9.105797653319314e-05
sz           , 2.6826957952797274e-05,   3487.025365044461    , 122.09938295601364, 0.20726946822774672  , 61.49919145621942 , 0.0004919369221633326  , 4.611172714643867e-05  , 5.927670647574233 , 4.9338320911081555, 0.9999999565770243, 2.148997957363008e-08  , 0.9997149097968997, 0.00013166775170248002
sz           , 3.5564803062231284e-05,   4180.306011371224    , 120.88940944179122, 0.20445943630198263  , 61.63361776991381 , 0.0008809046372337594  , 0.0003970044327229559  , 5.920218117448958 , 4.933774289821582 , 0.999999943028169 , 2.8197801427154445e-08 , 0.9995872194367432, 0.00018943275790661573
sz           , 4.71486636345739e-05  ,   3405.5215767537147   , 118.85745245419932, 0.07864100757978078  , 61.560674014426624, -0.00015542042017340865, 0.001304935676820568   , 5.9238083517045   , 4.9341596823174365, 0.9999999221205944, 3.85292686644334e-08   , 0.9994053912559044, 0.00027245894307270646
sz           , 6.250551925273976e-05 ,   6018.480663512237    , 118.20589131832364, 0.1947042050381247   , 61.646479299121395, -0.000669080378642358  , -0.0005171637139677933 , 5.922303087107229 , 4.933434145273908 , 0.9999998921582539, 5.3329827665038465e-08 , 0.9991704573079819, 0.000378377822926268
sz           , 8.286427728546843e-05 ,   7215.132721022934    , 116.77823517106927, 0.19140163666800056  , 61.46525764211759 , 0.002638543888422526   , -0.0011000494208505763 , 5.92972973185285  , 4.93704535583343  , 0.9999998480882012, 7.51214415117829e-08   , 0.9988385153163503, 0.0005284775979816914
sz           , 0.00010985411419875573,   8520.173959149528    , 115.32095465838226, 0.1862104085749995   , 61.72189957561267 , 0.0008808749380622067  , 0.0025061326176450153  , 5.921511104463949 , 4.938449097463249 , 0.9999997850998555, 1.0627072555280392e-07 , 0.9983467957385689, 0.0007513552554883063
sz           , 0.00014563484775012445,  10132.081016134569    , 113.84441353845048, 0.18494883956670963  , 61.93118338877626 , 0.002685290704000927   , -0.0037657543957580987 , 5.903739466101089 , 4.943890305542912 , 0.9999996813995526, 1.57517604293389e-07   , 0.9977324584514481, 0.0010303648887202144
sz           , 0.00019306977288832496,  11872.678559407606    , 112.41246794231063, 0.18257956784533055  , 62.27180221413623 , 0.005760326022835055   , 0.0013152049512063673  , 5.933011959942567 , 4.943958249528803 , 0.999999558141525 , 2.1839866803929908e-07 , 0.9970951332676113, 0.0013183101546019316
sz           , 0.00025595479226995333,  13724.01377883639     , 111.01745699317208, 0.1783745477705302   , 62.69946455718574 , 0.0015932703397818695  , 0.0016592407605259991  , 5.927431779710639 , 4.964231056950433 , 0.9999993935161768, 2.998554009536747e-07  , 0.9963262956145728, 0.0016665443545207381
sz           , 0.000339322177189533  ,  15663.11988129921     , 109.68172149018304, 0.1775285580276702   , 63.45237074306607 , -0.00656873506481649   , -0.016883851419765637  , 5.927453055234153 , 4.959484855989704 , 0.9999991971029618, 3.969648219026567e-07  , 0.9956760116561298, 0.001964479684829712
sz           , 0.0004498432668969444 ,  17694.695443645083    , 108.45670823822957, 0.17846593199375238  , 64.69526214295982 , -0.006288996698131092  , -0.007518125583868671  , 5.893814391792187 , 4.900467835083242 , 0.9999988928311512, 5.471813437907258e-07  , 0.994878432349485 , 0.002339273691177368
sz           , 0.0005963623316594637 ,  19509.27894239849     , 107.23398918998998, 0.17768134639826055  , 65.45011062412377 , 0.02047403276337988    , 0.001541335134550474   , 5.934328415542121 , 4.936769511655831 , 0.9999985099787639, 7.363296958828869e-07  , 0.9939106707427641, 0.002772523323073983
sz           , 0.0007906043210907702 ,  21036.88667141839     , 106.00091881699306, 0.1776494669451132   , 65.48689175687731 , 0.0335683799020283     , -0.02116644003062215   , 5.838605169441038 , 4.9581369461842915, 0.9999979467883514, 1.0145738542632898e-06 , 0.9928114898085925, 0.0032795884180814028
sz           , 0.0010481131341546852 ,  22596.878923766817    , 104.79916512402724, 0.17638519051012977  , 64.84429304095369 , 0.006128817396220867   , -0.008548137165096182  , 5.997720815124159 , 4.9549243472444315, 0.9999974155636772, 1.277025376111851e-06  , 0.9912475785406673, 0.004018520470708609
sz           , 0.001389495494373136  ,  23738.53631633373     , 103.45042146761942, 0.1742488812726103   , 68.29462696331488 , 0.01246891148797215    , 0.010691721916715692   , 6.035699597767468 , 4.952561440605831 , 0.9999966933596983, 1.6338304931196035e-06 , 0.9896382145274049, 0.0047183409333229065
sz           , 0.0018420699693267163 ,  24713.731403475795    , 102.17606700119887, 0.17100422589459705  , 70.67373639537124 , -0.007689863124690853  , -0.009345080398139773  , 6.209786629548903 , 5.1069660763470335, 0.9999958570055693, 2.0470315575948916e-06 , 0.9872269878951301, 0.005807177629321814
sz           , 0.0024420530945486497 ,  25590.97637711677     , 100.77912478740048, 0.17426377105846094  , 69.86585856187831 , 0.010991736883598753   , -0.13897941883815385   , 6.044614575829955 , 5.223366945840323 , 0.9999952686831296, 2.3376921944873175e-06 , 0.9855225096993829, 0.006576516665518284
sz           , 0.00323745754281764   ,  26402.491017964072    , 99.17846657144383 , 0.17662945470877564  , 73.37864021050245 , -0.07321166101250821   , -0.07868596265958396   , 5.99686114750669  , 5.100245461151566 , 0.9999943766821614, 2.778385805868311e-06  , 0.9834616421769861, 0.007506659720093012
sz           , 0.004291934260128779  ,  27105.15870754929     , 98.07923619721942 , 0.1556504601994748   , 74.62855219795706 , -0.012344662373295713  , -0.07289616346334708   , 6.0995344204933915, 4.863038224249465 , 0.9999932563348287, 3.331893594804569e-06  , 0.9824589002380081, 0.007959132082760334
sz           , 0.005689866029018293  ,  27286.708703609365    , 96.89288037160784 , 0.17475159819249558  , 68.40491935218807 , 0.09647599543254087    , 0.08564435975212462    , 6.768021616029162 , 6.095774253923002 , 0.9999904348387888, 4.725855433207471e-06  , 0.9771948185961415, 0.010334527119994164
sz           , 0.0075431200633546075 ,  27475.404145373028    , 95.76904724469264 , 0.17494605015370557  , 58.8173550965565  , -0.04559909889507524   , -0.26900007247377195   , 7.2358942781516955, 8.728212954895637 , 0.9999892662551877, 5.303194029693259e-06  , 0.9765028567168954, 0.010646755807101727
sz           , 0.01                  ,  27888.1339041228      , 95.31660906369224 , 0.17846972181097906  , 65.245039122889   , 0.07137423917942573    , -0.35049146839366685   , 7.113007384909498 , 8.75522556851737  , 0.9999874213422368, 6.214674613147508e-06  , 0.9697396055210918, 0.013698654249310493
sz3          , 1e-08                 ,     21.070071873713736 , 168.64252960498692, 0.9604740914708476   , 61.96175516493307 , -3.9739768014960963e-07, 1.3307243239426053e-07 , 5.921621237755258 , 4.933482359204017 , 1.0000000000014948, -7.385551046602823e-13 , 1.0000000004243321, -1.8402934731653886e-10
sz3          , 1.3257113655901082e-08,     21.0760438375369   , 166.1289139535868 , 0.9517134786965107   , 61.961648326745944, -3.403530006169467e-07 , -6.270873330259804e-08 , 5.921624673268172 , 4.933483431463561 , 1.0000000000005125, -2.532188868309415e-13 , 1.000000000520096 , -2.1681190176536802e-10
sz3          , 1.757510624854793e-08 ,     21.571354338367556 , 164.02174638711116, 0.9766302812480171   , 61.96182207056593 , -9.375017508841056e-07 , 3.142384424733051e-07  , 5.921617957242512 , 4.933482123486775 , 1.0000000000005125, -2.532188868309415e-13 , 1.0000000003104064, -1.0877847927970308e-10
sz3          , 2.329951810515372e-08 ,     22.5890314756671   , 162.408035901485  , 0.887615228524101    , 61.96157394456999 , -3.203568472802676e-07 , 1.2314282910157942e-07 , 5.921623233971183 , 4.933483148729653 , 1.000000000000363 , -1.5826180426933845e-13, 0.9999999998035193, 1.4379621104954055e-10
sz3          , 3.0888435964774783e-08,     22.960796844866117 , 160.43281084005287, 0.8532412718172315   , 61.96140866315971 , -9.270378962990955e-07 , 5.232678530964644e-07  , 5.921622154369054 , 4.933483556125955 , 1.000000000000726 , -3.587267473088157e-13 , 0.9999999989812725, 5.461275320861603e-10
sz3          , 4.0949150623804276e-08,     21.173519580840626 , 156.36134684309906, 0.7961911583262687   , 61.961933966148834, -1.5124204198207457e-06, -1.0929394520061536e-06, 5.9216147512149915, 4.933482904325841 , 1.0000000000003844, -1.8991416512320614e-13, 0.9999999979807069, 1.0393560456734008e-09
sz3          , 5.4286754393238595e-08,     22.168259891287725 , 154.60099680080515, 0.8068280900321748   , 61.96219211137205 , 2.416305719679754e-06  , 1.0097413092288735e-07 , 5.921631204967442 , 4.933485806145773 , 0.9999999999989322, 5.275393294944253e-13  , 0.9999999955486393, 2.253055519929603e-09
sz3          , 7.196856730011513e-08 ,     21.660158382650653 , 151.40169340808248, 0.6624184304692802   , 61.961364574198385, -2.947961512807142e-06 , -1.596334264362006e-06 , 5.921615023628983 , 4.933488961991951 , 0.9999999999970102, 1.519313320985649e-12  , 0.999999992147377 , 3.9696694820179346e-09
sz3          , 9.540954763499944e-08 ,     24.08148611892936  , 159.21229168657976, 0.9742707837040352   , 61.95217368589192 , -4.33315674311627e-06  , -1.1735402715782465e-06, 5.921663071381766 , 4.933500071834884 , 0.9999999999891513, 5.3597998435350735e-12 , 0.9999999872733352, 6.397068652574944e-09
sz3          , 1.2648552168552957e-07,     25.2322267356988   , 147.0599005943871 , 0.6053080829862529   , 61.96242743670703 , 3.5472379160559965e-06 , -1.8008732350861684e-06, 5.921622008901254 , 4.933487471307038 , 0.9999999999823815, 8.76770357705059e-12   , 0.9999999736947036, 1.3370812013135946e-08
sz3          , 1.67683293681101e-07  ,     29.199233426234233 , 144.13932437835354, 0.5583120285976244   , 61.96074318260639 , 3.4618116753912815e-07 , -2.9004964493748618e-06, 5.921588490780348 , 4.933494365980043 , 0.999999999969739 , 1.5013769741334393e-11 , 0.9999999539805912, 2.3348629696329226e-08
sz3          , 2.2229964825261955e-07,     35.71610241780018  , 141.91395224192524, 0.6393084864176529   , 61.960137121902626, -8.588043092946266e-06 , 2.7713304630658065e-06 , 5.9216619453461785, 4.933499074312622 , 0.9999999999409516, 2.923623149131416e-11  , 0.9999999188419194, 4.1031835706917263e-08
sz3          , 2.94705170255181e-07  ,     40.45454639035453  , 139.17329054294638, 0.42774564143671323  , 61.95937008996945 , 5.537974069355402e-06  , -4.171137720661801e-06 , 5.921630489115852 , 4.93350591642911  , 0.9999999998952503, 5.1878220469481207e-11 , 0.9999998562273227, 7.241740718200163e-08
sz3          , 3.906939937054621e-07 ,     54.96807242383325  , 136.8726665635008 , 0.3204525928671671   , 61.957709122478406, 2.9459005937019108e-06 , -1.677618203192494e-06 , 5.9215686053675345, 4.933508033805912 , 0.9999999998098917, 9.434513587036619e-11  , 0.9999997483627288, 1.2658387049668818e-07
sz3          , 5.179474679231213e-07 ,     81.15553783801741  , 134.97595885672783, 0.26963700754634257  , 61.95638819202598 , -1.3098741264115399e-07, -5.081504911777782e-06 , 5.921596016711376 , 4.933492610572134 , 0.9999999996465848, 1.7534353136117176e-10 , 0.999999553146785 , 2.2533684784775687e-07
sz3          , 6.866488450042998e-07 ,    109.60101284225904  , 133.52102530646033, 0.19925010702679233  , 61.94955702122542 , -1.5306681266922465e-05, -2.1503364225756353e-06, 5.921626143078172 , 4.933482842274673 , 0.9999999992908419, 3.5169991918770904e-10 , 0.9999992153849298, 3.956020009354688e-07
sz3          , 9.102981779915227e-07 ,    154.21325430357692  , 132.1658165915106 , 0.15167254827429294  , 61.933508500539006, 1.6531890353681466e-05 , -1.2704390735334862e-05, 5.921789744147215 , 4.933512603053224 , 0.9999999984879324, 7.497494847186204e-10  , 0.9999986301812439, 6.908603040756134e-07
sz3          , 1.2067926406393288e-06,    219.21096334587463  , 130.52021566426862, 0.11553529274844831  , 61.904090187442165, 1.8120176636035113e-05 , 1.6483867721720447e-06 , 5.921616265643571 , 4.93340237135019  , 0.9999999972504348, 1.3645754526336873e-09 , 0.99999763711998  , 1.190511852655618e-06
sz3          , 1.5998587196060574e-06,    317.418161202948    , 130.03734720685748, 0.17090280166789704  , 61.86908597102192 , 1.344295429155122e-05  , -3.693466500660627e-05 , 5.921985413204918 , 4.933577093819998 , 0.9999999939298185, 3.0311988474807094e-09 , 0.9999958913610252, 2.0674951883847825e-06
sz3          , 2.1209508879201924e-06,    454.3070365902694   , 129.38443155919828, 0.191923702104908    , 61.82533279453533 , -8.01551479885965e-06  , 1.6512019638727785e-05 , 5.922083594071518 , 4.933998671425192 , 0.999999990712927 , 4.60896343312811e-09   , 0.9999932861939032, 3.385811396583449e-06
sz3          , 2.811768697974231e-06 ,    672.9845093158626   , 127.29438613909024, 0.15615016760779798  , 61.71287860082522 , -4.427373668575993e-05 , -3.299464627546284e-05 , 5.922049740897602 , 4.9339633098190525, 0.9999999813438695, 9.327138172920968e-09  , 0.9999875377073182, 6.225518063729396e-06
sz3          , 3.727593720314938e-06 ,    982.1260554021173   , 125.54498790339275, 0.1432881037453267   , 61.68369350139907 , 0.00014516557179433738 , -0.0001273640090053343 , 5.923205023554992 , 4.934576248862434 , 0.99999996963487  , 1.5197786140674907e-08 , 0.9999801760977985, 1.003520537778968e-05
sz3          , 4.941713361323838e-06 ,   1409.0136164176429   , 125.20194459496877, 0.1791092036475906   , 61.6622437273816  , -1.0949874188202254e-05, 0.00013893989241504923 , 5.923210948947175 , 4.933467288250733 , 0.9999999654114852, 1.7134615504232897e-08 , 0.9999684435079633, 1.5689487554482184e-05
sz3          , 6.551285568595509e-06 ,   2005.439711571795    , 123.34047924605045, 0.16049339631299878  , 61.20119915446219 , 0.0001858013734359471  , -0.00013117404788361161, 5.922751835884564 , 4.935390034240663 , 0.9999999388701752, 3.026514150406001e-08  , 0.9999396376167308, 2.9966702641104348e-05
sz3          , 8.68511373751352e-06  ,   2796.3680814572904   , 121.11241635301528, 0.16437020927658935  , 61.22681238729201 , -0.00018269613414241   , -0.00034086702984386063, 5.923744204774689 , 4.935921930299768 , 0.9999998954860669, 5.1779220910930235e-08 , 0.9999080895634569, 4.553527833195403e-05
sz3          , 1.1513953993264481e-05,   3759.8116952162077   , 122.02588446383683, 0.1826837391693865   , 60.803944744382136, 4.482267516387848e-05  , -8.033582953264418e-05 , 5.92115977634419  , 4.937526856031101 , 0.9999999024672603, 4.84357087771059e-08   , 0.9998460424887506, 7.664048462174833e-05
sz3          , 1.5264179671752335e-05,   5199.790199582211    , 119.35705768839036, 0.1588134750372503   , 59.89479552004397 , -0.0011869029743453718 , 0.0008548651569212721  , 5.928102238580351 , 4.939396164687687 , 0.9999998039876525, 9.699694913933854e-08  , 0.9996334784529546, 0.00018350665050093085
sz3          , 2.0235896477251556e-05,   6683.810423473844    , 115.73671340944215, 0.13612736804363046  , 59.37220270634161 , 0.0003134982710369892  , 0.0005733825043989935  , 5.931037060897405 , 4.942145019209247 , 0.9999995511838441, 2.2196226723281143e-07 , 0.9993410059438188, 0.00032787793315947056
sz3          , 2.6826957952797274e-05,   8177.172174758709    , 109.27097831913235, 0.0806856910350959   , 58.04951293994232 , -0.000994586908834334  , -0.0009511130566205266 , 5.93873800744349  , 4.938947003012344 , 0.9999979366085896, 1.0287110399076482e-06 , 0.9989533263643032, 0.0005164733738638461
sz3          , 3.5564803062231284e-05,  10215.746835443038    , 107.87874874118181, 0.0789279691399262   , 56.43328447449379 , -0.0027108736753489403 , -0.0015204215615075257 , 5.936658421901043 , 4.948204342738094 , 0.9999970562854201, 1.471211135140038e-06  , 0.9978599131057797, 0.0010533544700592756
sz3          , 4.71486636345739e-05  ,  12391.487074911534    , 107.01646253239889, 0.12894639601815128  , 59.9938222520793  , -0.001739774049253747  , -0.001032602472373849  , 5.926289338555834 , 4.936599918055217 , 0.9999965537942592, 1.7173758806166006e-06 , 0.9985615733885038, 0.000690282613504678
sz3          , 6.250551925273976e-05 ,  15137.988276670574    , 116.394420662439  , 0.17550168901963498  , 60.424544143484106, -0.002817561929120272  , 0.0012811201372376808  , 5.9118682298525265, 4.941005301178813 , 0.9999996491319731, 1.7353133330288983e-07 , 0.9979520637209726, 0.0009700439404696226
sz3          , 8.286427728546843e-05 ,  18599.023225906018    , 115.15551754042212, 0.1752324181009906   , 58.46948799126612 , 1.3669260762417331e-05 , 0.002485758853961498   , 5.920708972553057 , 4.944734174516061 , 0.9999994804434291, 2.5687199922685977e-07 , 0.9963589491622931, 0.0017342952778562903
sz3          , 0.00010985411419875573,  22167.0526348058      , 113.53849045739567, 0.17498646975942045  , 59.932767516933886, 0.001446518740162806   , -0.0016341708734759818 , 5.904586219437449 , 4.958134304882083 , 0.9999993654817204, 3.136688917493302e-07  , 0.9954374795425631, 0.0022169642616063356
sz3          , 0.00014563484775012445,  26810.70127173631     , 111.57953013916787, 0.17482007315296863  , 54.96621168190926 , -0.001490408804735486  , -0.0035702367524648093 , 5.94109237925101  , 4.964765247611678 , 0.9999989218474777, 5.328466272658261e-07  , 0.9905266090657903, 0.0045067365281283855
sz3          , 0.00019306977288832496,  32371.359298057123    , 109.77670969227813, 0.1746675960137605   , 52.18115698185423 , -0.004965788799001946  , 0.011351744821866613   , 5.929658936068384 , 4.975492256754664 , 0.9999983008638094, 8.39644030747877e-07   , 0.984293724816922 , 0.007473476231098175
sz3          , 0.00025595479226995333,  39631.230077825276    , 108.76043185897129, 0.17454285102484715  , 56.03478739153098 , 0.0010833149169504235  , -0.0063004742417445275 , 5.938257311046299 , 4.952419703517464 , 0.9999981432796   , 9.174985393656243e-07  , 0.9823308305116242, 0.008017269894480705
sz3          , 0.000339322177189533  ,  47126.65693430657     , 107.0080477100365 , 0.17443434340734     , 46.4879699721526  , 0.007416630523363547   , 0.007242430615774952   , 5.961481117645194 , 5.015523645050027 , 0.9999959541700729, 1.9990295641036937e-06 , 0.9618276522645   , 0.017631573602557182
sz3          , 0.0004498432668969444 ,  52314.08384879725     , 104.91126066011567, 0.17423887666678664  , 63.378929132682856, 0.0028878527540613648  , -0.004042753945296781  , 6.007266670023805 , 5.04491379190107  , 0.9999958331746797, 2.0588072402460966e-06 , 0.9687083867718556, 0.014172222465276718
sz3          , 0.0005963623316594637 ,  71940.64806247824     , 105.32759635215666, 0.1741825609277714   , 66.54870956149844 , -0.0005748306945824058 , 0.00929151401151508    , 6.019331032613311 , 5.053061192766514 , 0.9999967355209802, 1.6130026097016525e-06 , 0.9833364184147103, 0.007563339080661535
sz3          , 0.0007906043210907702 ,  74879.50957854406     , 101.27256833730948, 0.17399465686344448  , 120.83228111835163, -0.014611692762284145  , -0.02328102465996058   , 5.904916094413726 , 4.863588390990312 , 0.9999870848706723, 6.380912509484915e-06  , 0.9299601010621688, 0.033177170902490616
sz3          , 0.0010481131341546852 ,  98449.47910142955     , 100.66668561635454, 0.17406042688793452  , 39.36374655968574 , 0.042156626239696765   , 0.03107740934891392    , 5.914477373641334 , 5.068344477656135 , 0.9999793447330977, 1.0204930731561035e-05 , 0.9182327574635972, 0.03855270519852638
sz3          , 0.001389495494373136  , 120358.0932090546      , 98.0695988541433  , 0.17392327540563765  , 34.04091945554261 , 0.05199156927462519    , 0.02973461427856583    , 6.214897053889776 , 5.0789600802976755, 0.9999634915067593, 1.8037228073808365e-05 , 0.899702818995739 , 0.04731127619743347
sz3          , 0.0018420699693267163 , 144680.1568627451      , 96.13143361126515 , 0.17386497308955257  , 30.51810540352532 , -0.01323367816778553   , 0.042827387183515656   , 6.072819483021863 , 5.202010854569632 , 0.9999386816295802, 3.0294564567157067e-05 , 0.8787760698741529, 0.05712605640292168
sz3          , 0.0024420530945486497 , 151930.123752495       , 97.91706512026464 , 0.17381537946034284  , 107.42519153845535, -0.09221420080016851   , 0.0005243196934476032  , 5.801906204582602 , 5.068581661319684 , 0.9999822497837513, 8.76968988450244e-06   , 0.9582510890334153, 0.01888309419155121
sz3          , 0.00323745754281764   , 169287.46903897927     , 94.46568358937807 , 0.17373766695444043  , 176.3761626423329 , -0.051544655414511725  , 0.06785511693504456    , 5.871605235608099 , 4.722573127717053 , 0.9999618905469044, 1.8828181055141613e-05 , 0.9410333211041415, 0.026652611792087555
sz3          , 0.004291934260128779  , 204644.52356020943     , 93.29197208469337 , 0.17371943122320116  , 195.062444966886  , 0.10996303013016144    , 0.04748317278562839    , 5.775091166512349 , 5.312689171142925 , 0.9999630739439589, 1.824352511903271e-05  , 0.9426920208319444, 0.025904126465320587
sz3          , 0.005689866029018293  , 220595.30933496033     , 91.10627991939376 , 0.17369767459438085  , 130.7558150955733 , -0.18847092069868343   , 0.01663999245731118    , 7.6872095800246525, 5.023810493583713 , 0.9999566686225406, 2.1408077373052947e-05 , 0.9425722563161085, 0.025958167389035225
sz3          , 0.0075431200633546075 , 249865.73047684866     , 89.0897957352493  , 0.17363696401692927  , 165.35656583012462, -0.22226751073011997   , -0.005422494702690481  , 7.772213394371302 , 6.1372971145777155, 0.9999464428137337, 2.646014399942942e-05  , 0.9434571193332395, 0.025558872148394585
sz3          , 0.01                  , 283851.3931305201      , 86.0529696814288  , 0.1736203618777718   , 278.8381504433569 , 0.030233948388030892   , -0.4382815712188714    , 8.24278635821509  , 6.022122713491286 , 0.9998959734373665, 5.139457425684668e-05  , 0.9422731055030883, 0.02609315887093544
zfp          , 1e-08                 ,      4.229352272796129 , 236.6513682435013 , 0.9999999999791953   , 61.96173349151522 , -7.136524781597474e-16 , 4.953506630529026e-16  , 5.9216216109270166, 4.933483021538803 , 1.0               , 0.0                    , 1.0               , 0.0
zfp          , 1.3257113655901082e-08,      4.653671071291493 , 201.69380429968584, 0.9999988772986806   , 61.96173350951649 , 4.7418567578996925e-09 , 1.2982717329084106e-09 , 5.921621613829078 , 4.933483017548061 , 0.9999999999999573, 2.110157446726709e-14  , 1.0000000003814036, -1.765787654983697e-10
zfp          , 1.757510624854793e-08 ,      4.653671071291493 , 201.69380429968584, 0.9999988772986806   , 61.96173350951649 , 4.7418567578996925e-09 , 1.2982717329084106e-09 , 5.921621613829078 , 4.933483017548061 , 0.9999999999999573, 2.110157446726709e-14  , 1.0000000003814036, -1.765787654983697e-10
zfp          , 2.329951810515372e-08 ,      4.653671071291493 , 201.69380429968584, 0.9999988772986806   , 61.96173350951649 , 4.7418567578996925e-09 , 1.2982717329084106e-09 , 5.921621613829078 , 4.933483017548061 , 0.9999999999999573, 2.110157446726709e-14  , 1.0000000003814036, -1.765787654983697e-10
zfp          , 3.0888435964774783e-08,      5.172642525474379 , 191.42580332737117, 0.9999891744193677   , 61.961733434676155, -9.171290821343816e-09 , 3.8976585427559715e-09 , 5.9216216386061635, 4.933483034380852 , 0.9999999999995729, 2.1101573450827554e-13 , 1.000000000671997 , -3.04728742239746e-10
zfp          , 4.0949150623804276e-08,      5.172642525474379 , 191.42580332737117, 0.9999891744193677   , 61.961733434676155, -9.171290821343816e-09 , 3.8976585427559715e-09 , 5.9216216386061635, 4.933483034380852 , 0.9999999999995729, 2.1101573450827554e-13 , 1.000000000671997 , -3.04728742239746e-10
zfp          , 5.4286754393238595e-08,      5.821910733314713 , 180.50154515097873, 0.9998691409645991   , 61.96173200291268 , 5.728356101040308e-08  , -3.6689930381412164e-08, 5.921621672975663 , 4.933483496902738 , 1.0000000000001923, -9.495708256160307e-14 , 1.0000000005481646, -2.458691583662187e-10
zfp          , 7.196856730011513e-08 ,      5.821910733314713 , 180.50154515097873, 0.9998691409645991   , 61.96173200291268 , 5.728356101040308e-08  , -3.6689930381412164e-08, 5.921621672975663 , 4.933483496902738 , 1.0000000000001923, -9.495708256160307e-14 , 1.0000000005481646, -2.458691583662187e-10
zfp          , 9.540954763499944e-08 ,      5.821910733314713 , 180.50154515097873, 0.9998691409645991   , 61.96173200291268 , 5.728356101040308e-08  , -3.6689930381412164e-08, 5.921621672975663 , 4.933483496902738 , 1.0000000000001923, -9.495708256160307e-14 , 1.0000000005481646, -2.458691583662187e-10
zfp          , 1.2648552168552957e-07,      6.657566239942225 , 172.43649960802668, 0.9992210084395406   , 61.96173342109053 , 4.108824134319006e-08  , 7.627963330114538e-08  , 5.921621093647649 , 4.933482720369288 , 1.0000000000004912, -2.426681089146704e-13 , 1.0000000005316536, -2.399087040139136e-10
zfp          , 1.67683293681101e-07  ,      6.657566239942225 , 172.43649960802668, 0.9992210084395406   , 61.96173342109053 , 4.108824134319006e-08  , 7.627963330114538e-08  , 5.921621093647649 , 4.933482720369288 , 1.0000000000004912, -2.426681089146704e-13 , 1.0000000005316536, -2.399087040139136e-10
zfp          , 2.2229964825261955e-07,      7.774082266401925 , 164.32073073908634, 0.994889197365858    , 61.961662750583216, 3.332676885281424e-08  , -2.1321324723148395e-07, 5.92162065399704  , 4.933483505485497 , 1.0000000000020715, -1.0234263523450915e-12, 1.0000000004441454, -1.9297004272278429e-10
zfp          , 2.94705170255181e-07  ,      7.774082266401925 , 164.32073073908634, 0.994889197365858    , 61.961662750583216, 3.332676885281424e-08  , -2.1321324723148395e-07, 5.92162065399704  , 4.933483505485497 , 1.0000000000020715, -1.0234263523450915e-12, 1.0000000004441454, -1.9297004272278429e-10
zfp          , 3.906939937054621e-07 ,      9.342765790187562 , 157.71079798708365, 0.9798036991605242   , 61.961648841099   , 7.833869857088703e-08  , -7.284638664707816e-07 , 5.921620874576228 , 4.933482292319864 , 1.0000000000036517, -1.8041845144603497e-12, 0.9999999996252007, 2.1532177429950394e-10
zfp          , 5.179474679231213e-07 ,      9.342765790187562 , 157.71079798708365, 0.9798036991605242   , 61.961648841099   , 7.833869857088703e-08  , -7.284638664707816e-07 , 5.921620874576228 , 4.933482292319864 , 1.0000000000036517, -1.8041845144603497e-12, 0.9999999996252007, 2.1532177429950394e-10
zfp          , 6.866488450042998e-07 ,      9.342765790187562 , 157.71079798708365, 0.9798036991605242   , 61.961648841099   , 7.833869857088703e-08  , -7.284638664707816e-07 , 5.921620874576228 , 4.933482292319864 , 1.0000000000036517, -1.8041845144603497e-12, 0.9999999996252007, 2.1532177429950394e-10
zfp          , 9.102981779915227e-07 ,     11.708339839662884 , 151.38694279865436, 0.9180043334479883   , 61.96138314594752 , 6.529216513732858e-07  , -1.819618014057462e-06 , 5.921626551328162 , 4.933487920669849 , 1.0000000000033742, -1.6670243744437707e-12, 0.9999999964600454, 1.8537044121913482e-09
zfp          , 1.2067926406393288e-06,     11.708339839662884 , 151.38694279865436, 0.9180043334479883   , 61.96138314594752 , 6.529216513732858e-07  , -1.819618014057462e-06 , 5.921626551328162 , 4.933487920669849 , 1.0000000000033742, -1.6670243744437707e-12, 0.9999999964600454, 1.8537044121913482e-09
zfp          , 1.5998587196060574e-06,     15.64518738185701  , 145.52782780923832, 0.7812968884915339   , 61.961744422955334, 2.2099399460064134e-06 , -3.870105532084177e-07 , 5.921633747502944 , 4.9334919853388515, 0.9999999999875069, 6.172210312294091e-12  , 0.9999999798004647, 1.0147690687745126e-08
zfp          , 2.1209508879201924e-06,     15.64518738185701  , 145.52782780923832, 0.7812968884915339   , 61.961744422955334, 2.2099399460064134e-06 , -3.870105532084177e-07 , 5.921633747502944 , 4.9334919853388515, 0.9999999999875069, 6.172210312294091e-12  , 0.9999999798004647, 1.0147690687745126e-08
zfp          , 2.811768697974231e-06 ,     15.64518738185701  , 145.52782780923832, 0.7812968884915339   , 61.961744422955334, 2.2099399460064134e-06 , -3.870105532084177e-07 , 5.921633747502944 , 4.9334919853388515, 0.9999999999875069, 6.172210312294091e-12  , 0.9999999798004647, 1.0147690687745126e-08
zfp          , 3.727593720314938e-06 ,     23.444598930883522 , 140.8301949302737 , 0.6334328665427558   , 61.9639841149229  , -2.583731810953068e-06 , -1.5346600257431673e-06, 5.921583217991743 , 4.933494359766207 , 0.9999999999418698, 2.882474987864203e-11  , 0.9999999152078523, 4.294738076282556e-08
zfp          , 4.941713361323838e-06 ,     23.444598930883522 , 140.8301949302737 , 0.6334328665427558   , 61.9639841149229  , -2.583731810953068e-06 , -1.5346600257431673e-06, 5.921583217991743 , 4.933494359766207 , 0.9999999999418698, 2.882474987864203e-11  , 0.9999999152078523, 4.294738076282556e-08
zfp          , 6.551285568595509e-06 ,     39.5746378685046   , 136.95751831490625, 0.4427743528051117   , 61.96436486354976 , 9.318630366159725e-06  , 1.5819321836854312e-05 , 5.921581497895145 , 4.9334614260453025, 0.9999999997522955, 1.2271619831416558e-10 , 0.999999665655918 , 1.68823447666e-07
zfp          , 8.68511373751352e-06  ,     39.5746378685046   , 136.95751831490625, 0.4427743528051117   , 61.96436486354976 , 9.318630366159725e-06  , 1.5819321836854312e-05 , 5.921581497895145 , 4.9334614260453025, 0.9999999997522955, 1.2271619831416558e-10 , 0.999999665655918 , 1.68823447666e-07
zfp          , 1.1513953993264481e-05,     39.5746378685046   , 136.95751831490625, 0.4427743528051117   , 61.96436486354976 , 9.318630366159725e-06  , 1.5819321836854312e-05 , 5.921581497895145 , 4.9334614260453025, 0.9999999997522955, 1.2271619831416558e-10 , 0.999999665655918 , 1.68823447666e-07
zfp          , 1.5264179671752335e-05,     69.00695154607102  , 133.55614724518412, 0.33261482268660597  , 61.95601824811058 , 4.161400053971965e-06  , -6.195586558944458e-06 , 5.921516246337655 , 4.933555509421221 , 0.9999999990706648, 4.60499638421652e-10   , 0.9999987267869992, 6.361767646012595e-07
zfp          , 2.0235896477251556e-05,     69.00695154607102  , 133.55614724518412, 0.33261482268660597  , 61.95601824811058 , 4.161400053971965e-06  , -6.195586558944458e-06 , 5.921516246337655 , 4.933555509421221 , 0.9999999990706648, 4.60499638421652e-10   , 0.9999987267869992, 6.361767646012595e-07
zfp          , 2.6826957952797274e-05,    117.25527810676985  , 130.76483355830294, 0.2777644727408437   , 61.96552715926471 , -6.69629987639845e-06  , 3.925334726640656e-05  , 5.921365605379488 , 4.9334650643727604, 0.9999999971292626, 1.422594264610666e-09  , 0.9999957618802539, 2.1035968984506326e-06
zfp          , 3.5564803062231284e-05,    117.25527810676985  , 130.76483355830294, 0.2777644727408437   , 61.96552715926471 , -6.69629987639845e-06  , 3.925334726640656e-05  , 5.921365605379488 , 4.9334650643727604, 0.9999999971292626, 1.422594264610666e-09  , 0.9999957618802539, 2.1035968984506326e-06
zfp          , 4.71486636345739e-05  ,    117.25527810676985  , 130.76483355830294, 0.2777644727408437   , 61.96552715926471 , -6.69629987639845e-06  , 3.925334726640656e-05  , 5.921365605379488 , 4.9334650643727604, 0.9999999971292626, 1.422594264610666e-09  , 0.9999957618802539, 2.1035968984506326e-06
zfp          , 6.250551925273976e-05 ,    176.45953818161942  , 128.41812868926195, 0.2413126000402722   , 62.0253571078505  , -0.00013824142109986528, -0.0001646892421909708 , 5.921470052713797 , 4.933433520306181 , 0.999999993342516 , 3.300286044449763e-09  , 0.9999872992870881, 6.2128679019224364e-06
zfp          , 8.286427728546843e-05 ,    176.45953818161942  , 128.41812868926195, 0.2413126000402722   , 62.0253571078505  , -0.00013824142109986528, -0.0001646892421909708 , 5.921470052713797 , 4.933433520306181 , 0.999999993342516 , 3.300286044449763e-09  , 0.9999872992870881, 6.2128679019224364e-06
zfp          , 0.00010985411419875573,    227.59908445615034  , 126.18378960121117, 0.2136757332876581   , 62.20601200238224 , 0.00016522680848499012 , 6.142471973556309e-05  , 5.921185675823571 , 4.933562881202605 , 0.9999999848065649, 7.527058087930527e-09  , 0.9999639241038267, 1.7505155483377166e-05
zfp          , 0.00014563484775012445,    227.59908445615034  , 126.18378960121117, 0.2136757332876581   , 62.20601200238224 , 0.00016522680848499012 , 6.142471973556309e-05  , 5.921185675823571 , 4.933562881202605 , 0.9999999848065649, 7.527058087930527e-09  , 0.9999639241038267, 1.7505155483377166e-05
zfp          , 0.00019306977288832496,    227.59908445615034  , 126.18378960121117, 0.2136757332876581   , 62.20601200238224 , 0.00016522680848499012 , 6.142471973556309e-05  , 5.921185675823571 , 4.933562881202605 , 0.9999999848065649, 7.527058087930527e-09  , 0.9999639241038267, 1.7505155483377166e-05
zfp          , 0.00025595479226995333,    454.1312821234243   , 123.68349658199475, 0.1942985425706249   , 62.880936887134524, -0.00021340377861416173, 7.773483652946977e-05  , 5.919858714760741 , 4.933127268373257 , 0.9999999625257348, 1.85882704784035e-08   , 0.9998928999289911, 5.108046389068477e-05
zfp          , 0.000339322177189533  ,    454.1312821234243   , 123.68349658199475, 0.1942985425706249   , 62.880936887134524, -0.00021340377861416173, 7.773483652946977e-05  , 5.919858714760741 , 4.933127268373257 , 0.9999999625257348, 1.85882704784035e-08   , 0.9998928999289911, 5.108046389068477e-05
zfp          , 0.0004498432668969444 ,    779.9511435363554   , 120.88112639860734, 0.18377930553598004  , 63.61476644912136 , -0.00015363598089536662, 0.0006590380517945644  , 5.9197311824981504, 4.934459454109318 , 0.9999999160630129, 4.156595423410181e-08  , 0.9997167381718548, 0.00013432429113890976
zfp          , 0.0005963623316594637 ,    779.9511435363554   , 120.88112639860734, 0.18377930553598004  , 63.61476644912136 , -0.00015363598089536662, 0.0006590380517945644  , 5.9197311824981504, 4.934459454109318 , 0.9999999160630129, 4.156595423410181e-08  , 0.9997167381718548, 0.00013432429113890976
zfp          , 0.0007906043210907702 ,    779.9511435363554   , 120.88112639860734, 0.18377930553598004  , 63.61476644912136 , -0.00015363598089536662, 0.0006590380517945644  , 5.9197311824981504, 4.934459454109318 , 0.9999999160630129, 4.156595423410181e-08  , 0.9997167381718548, 0.00013432429113890976
zfp          , 0.0010481131341546852 ,   1158.772986000718    , 117.8511416958765 , 0.1786060610410881   , 64.19676033074361 , -0.0008993413876081053 , -0.0011184835786222798 , 5.915318107306244 , 4.933776491330699 , 0.9999998297997941, 8.423861430628676e-08  , 0.9992769979142746, 0.00033812393667176366
zfp          , 0.001389495494373136  ,   1158.772986000718    , 117.8511416958765 , 0.1786060610410881   , 64.19676033074361 , -0.0008993413876081053 , -0.0011184835786222798 , 5.915318107306244 , 4.933776491330699 , 0.9999998297997941, 8.423861430628676e-08  , 0.9992769979142746, 0.00033812393667176366
zfp          , 0.0018420699693267163 ,   1501.7640911469798   , 114.6300550039947 , 0.17621395900682776  , 65.65428289682848 , 0.0007153726479387839  , -0.002218818318482819  , 5.91430048536431  , 4.938563584508204 , 0.9999996752512308, 1.605911279511929e-07  , 0.9982919229595946, 0.0008019933593459427
zfp          , 0.0024420530945486497 ,   1501.7640911469798   , 114.6300550039947 , 0.17621395900682776  , 65.65428289682848 , 0.0007153726479387839  , -0.002218818318482819  , 5.91430048536431  , 4.938563584508204 , 0.9999996752512308, 1.605911279511929e-07  , 0.9982919229595946, 0.0008019933593459427
zfp          , 0.00323745754281764   ,   1741.1784830243198   , 111.19976110516633, 0.17505807700452164  , 67.04966770458856 , -0.0054994925029986635 , -0.003980508178246449  , 5.917489582828729 , 4.955253326407936 , 0.9999993830743594, 3.0497724878841836e-07 , 0.9959836234098657, 0.0018540298333391547
zfp          , 0.004291934260128779  ,   1741.1784830243198   , 111.19976110516633, 0.17505807700452164  , 67.04966770458856 , -0.0054994925029986635 , -0.003980508178246449  , 5.917489582828729 , 4.955253326407936 , 0.9999993830743594, 3.0497724878841836e-07 , 0.9959836234098657, 0.0018540298333391547
zfp          , 0.005689866029018293  ,   1741.1784830243198   , 111.19976110516633, 0.17505807700452164  , 67.04966770458856 , -0.0054994925029986635 , -0.003980508178246449  , 5.917489582828729 , 4.955253326407936 , 0.9999993830743594, 3.0497724878841836e-07 , 0.9959836234098657, 0.0018540298333391547
zfp          , 0.0075431200633546075 ,   1868.4470352340495   , 107.55064477365491, 0.1745288865714504   , 70.31169941555896 , -0.0026557448154883247 , 0.0021244882870126206  , 5.913228184416944 , 4.989258407903674 , 0.9999986850267734, 6.498480615846347e-07  , 0.9917099920963647, 0.003784764790907502
zfp          , 0.01                  ,   1868.4470352340495   , 107.55064477365491, 0.1745288865714504   , 70.31169941555896 , -0.0026557448154883247 , 0.0021244882870126206  , 5.913228184416944 , 4.989258407903674 , 0.9999986850267734, 6.498480615846347e-07  , 0.9917099920963647, 0.003784764790907502
szx          , 1e-08                 ,      6.51180628065095  , inf               , 1.0                  , 61.96173349151522 , -7.136524781597474e-16 , 4.953506630529026e-16  , 5.9216216109270166, 4.933483021538803 , 1.0               , 0.0                    , 1.0               , 0.0
szx          , 1.3257113655901082e-08,      6.8649329173217435, inf               , 1.0                  , 61.96173349151522 , -7.136524781597474e-16 , 4.953506630529026e-16  , 5.9216216109270166, 4.933483021538803 , 1.0               , 0.0                    , 1.0               , 0.0
szx          , 1.757510624854793e-08 ,      6.8649329173217435, inf               , 1.0                  , 61.96173349151522 , -7.136524781597474e-16 , 4.953506630529026e-16  , 5.9216216109270166, 4.933483021538803 , 1.0               , 0.0                    , 1.0               , 0.0
szx          , 2.329951810515372e-08 ,      6.8649329173217435, inf               , 1.0                  , 61.96173349151522 , -7.136524781597474e-16 , 4.953506630529026e-16  , 5.9216216109270166, 4.933483021538803 , 1.0               , 0.0                    , 1.0               , 0.0
szx          , 3.0888435964774783e-08,      7.1612116834248765, inf               , 1.0                  , 61.96173349151522 , -7.136524781597474e-16 , 4.953506630529026e-16  , 5.9216216109270166, 4.933483021538803 , 1.0               , 0.0                    , 1.0               , 0.0
szx          , 4.0949150623804276e-08,      7.1612116834248765, inf               , 1.0                  , 61.96173349151522 , -7.136524781597474e-16 , 4.953506630529026e-16  , 5.9216216109270166, 4.933483021538803 , 1.0               , 0.0                    , 1.0               , 0.0
szx          , 5.4286754393238595e-08,      7.249894039274104 , inf               , 1.0                  , 61.96173349151522 , -7.136524781597474e-16 , 4.953506630529026e-16  , 5.9216216109270166, 4.933483021538803 , 1.0               , 0.0                    , 1.0               , 0.0
szx          , 7.196856730011513e-08 ,      7.249894039274104 , inf               , 1.0                  , 61.96173349151522 , -7.136524781597474e-16 , 4.953506630529026e-16  , 5.9216216109270166, 4.933483021538803 , 1.0               , 0.0                    , 1.0               , 0.0
szx          , 9.540954763499944e-08 ,      7.249894039274104 , inf               , 1.0                  , 61.96173349151522 , -7.136524781597474e-16 , 4.953506630529026e-16  , 5.9216216109270166, 4.933483021538803 , 1.0               , 0.0                    , 1.0               , 0.0
szx          , 1.2648552168552957e-07,      7.3680477120779955, inf               , 1.0                  , 61.96173349151522 , -7.136524781597474e-16 , 4.953506630529026e-16  , 5.9216216109270166, 4.933483021538803 , 1.0               , 0.0                    , 1.0               , 0.0
szx          , 1.67683293681101e-07  ,      7.3680477120779955, inf               , 1.0                  , 61.96173349151522 , -7.136524781597474e-16 , 4.953506630529026e-16  , 5.9216216109270166, 4.933483021538803 , 1.0               , 0.0                    , 1.0               , 0.0
szx          , 2.2229964825261955e-07,     10.560437846857567 , 138.06607959801897, 0.47289794782226885  , 61.96173349151522 , -7.136524781597474e-16 , 4.953506630529026e-16  , 5.9216216109270166, 4.933483021538803 , 0.9999999999982275, 8.757152988869699e-13  , 1.0               , 0.0
szx          , 2.94705170255181e-07  ,     10.560437846857567 , 138.06607959801897, 0.47289794782226885  , 61.96173349151522 , -7.136524781597474e-16 , 4.953506630529026e-16  , 5.9216216109270166, 4.933483021538803 , 0.9999999999982275, 8.757152988869699e-13  , 1.0               , 0.0
szx          , 3.906939937054621e-07 ,     13.762920584549262 , 134.7819855932234 , 0.36827298968286404  , 61.96173349151522 , -7.136524781597474e-16 , 4.953506630529026e-16  , 5.9216216109270166, 4.933483021538803 , 0.9999999999924615, 3.724427884155279e-12  , 1.0               , 0.0
szx          , 5.179474679231213e-07 ,     13.762920584549262 , 134.7819855932234 , 0.36827298968286404  , 61.96173349151522 , -7.136524781597474e-16 , 4.953506630529026e-16  , 5.9216216109270166, 4.933483021538803 , 0.9999999999924615, 3.724427884155279e-12  , 1.0               , 0.0
szx          , 6.866488450042998e-07 ,     16.065433782409656 , 133.07334553351615, 0.3199089368221699   , 61.96173349151522 , -7.136524781597474e-16 , 4.953506630529026e-16  , 5.9216216109270166, 4.933483021538803 , 0.9999999994948313, 2.5048624285872734e-10 , 1.0               , 0.0
szx          , 9.102981779915227e-07 ,     19.32478008187821  , 131.75798603986235, 0.28729678423307264  , 61.85165472138851 , -2.7920617435163993e-06, 5.8000967844908886e-06 , 5.921953672128823 , 4.933771971385036 , 0.9999999942857324, 2.8366529125634088e-09 , 0.9999997593111609, 1.2005195060282858e-07
szx          , 1.2067926406393288e-06,     25.534920915739622 , 130.10093923672886, 0.2547583700759951   , 61.791716896006946, -4.479472156686059e-05 , -0.00010551029172345087, 5.922186990557483 , 4.934316100117854 , 0.999999989594594 , 5.183327100866109e-09  , 0.9999992152412842, 4.526093562162714e-07
szx          , 1.5998587196060574e-06,     33.18284687303416  , 128.74915472022903, 0.23419434047937693  , 61.498527767758056, -7.646587267139399e-05 , -9.415947854679508e-05 , 5.9230969183020274, 4.934660014148008 , 0.9999999837349582, 8.10934519535067e-09   , 0.9999962245691516, 2.046763938778895e-06
szx          , 2.1209508879201924e-06,     38.61704789962973  , 127.86883091198268, 0.22256351381046     , 61.40716509540241 , -0.000103225505107999  , -9.500625019063137e-05 , 5.923409167573958 , 4.934655741704473 , 0.9999999781077578, 1.0908152603406052e-08 , 0.9999941186429391, 3.219257223463501e-06
szx          , 2.811768697974231e-06 ,     47.51474875634689  , 126.53901417135077, 0.20853016349750658  , 61.26383116867803 , -0.00013066232407789742, 2.3701487447333696e-05 , 5.924056278987813 , 4.935244342861434 , 0.9999999653197625, 1.726987619576903e-08  , 0.9999900314368699, 5.446889190352522e-06
szx          , 3.727593720314938e-06 ,     60.89155789907487  , 125.15344160516058, 0.19817946379073895  , 60.7286143871205  , -0.00019153733915367772, 3.5880964468912785e-07 , 5.925776159834373 , 4.93589920137197  , 0.9999999441772327, 2.7812612657385216e-08 , 0.9999744050060283, 1.3110029613017105e-05
szx          , 4.941713361323838e-06 ,     69.3576242641      , 124.0925773363064 , 0.19179478231196115  , 60.58375555759938 , -0.0001635547874220159 , -1.1814963213255672e-06, 5.926365776554353 , 4.935895772650897 , 0.9999999242689118, 3.775049250975826e-08  , 0.9999670377332418, 1.714302743494045e-05
szx          , 6.551285568595509e-06 ,     82.24535297211993  , 122.77214559910911, 0.18599617484016334  , 59.76494096540111 , -2.9170731864516822e-05, 0.00011158921908336732 , 5.92899370797898  , 4.936533119672775 , 0.9999998901628645, 5.480410081304399e-08  , 0.9999205921066104, 3.9894348446978256e-05
szx          , 8.68511373751352e-06  ,     90.58739933022005  , 121.69313219658754, 0.18213926899592126  , 59.580726889448925, 1.6103117171928642e-06 , -0.0007261662248548505 , 5.929591219249736 , 4.940646720510224 , 0.999999856293908 , 7.17177286446713e-08   , 0.9999042120336495, 4.924632958136499e-05
szx          , 1.1513953993264481e-05,     96.92174433329723  , 120.64429354171114, 0.17930532133832763  , 59.227836230388505, 3.542226138009257e-05  , -0.0007249210602559622 , 5.929985423361378 , 4.940600117553124 , 0.9999998078822667, 9.567001768573391e-08  , 0.9998608584697887, 7.318340067286044e-05
szx          , 1.5264179671752335e-05,    104.53454225840774  , 119.42026658227256, 0.17698666834116022  , 57.80735567614752 , 0.00021035130830568313 , -0.0006928907957400013 , 5.93473670529305  , 4.940870034722345 , 0.9999997354780092, 1.3144138222287438e-07 , 0.9996622271484945, 0.00016970439173746854
szx          , 2.0235896477251556e-05,    107.10465037312369  , 118.57763477521738, 0.17594256178491682  , 56.85276523946487 , 0.0004268464146686886  , 0.0007714130741393545  , 5.937485802691425 , 4.948036017154124 , 0.999999640118744 , 1.7855369094377238e-07 , 0.999440779197249 , 0.00029801196069456637
szx          , 2.6826957952797274e-05,    111.00740104171224  , 117.17912132831361, 0.1748080131993398   , 54.72908068302769 , 0.0006427322968562445  , 0.0007452500581444751  , 5.945217290104961 , 4.947507716960875 , 0.9999995126082878, 2.4155843902917695e-07 , 0.9988267570519381, 0.0006052266107872128
szx          , 3.5564803062231284e-05,    112.23188283431081  , 116.28664049790545, 0.17440400605349732  , 53.761729762261766, 0.0006196407360057087  , 0.0007168742400591278  , 5.9477282150264   , 4.947383537508271 , 0.9999994140487669, 2.902518190239789e-07  , 0.9982459242901974, 0.000880428240634501
szx          , 4.71486636345739e-05  ,    113.21873605044613  , 115.24140387503387, 0.17408221212928093  , 52.159008669397835, 0.000640794989990885   , 0.0006996376795485279  , 5.952925482269588 , 4.947288377631446 , 0.9999992832588683, 3.548686606791307e-07  , 0.996969855191635 , 0.0014866127166897058
szx          , 6.250551925273976e-05 ,    115.46592607407283  , 113.2300186235963 , 0.1735412348802532   , 49.45703229599537 , 2.3181123727227777e-05 , 0.0007322238090091402  , 5.963838158333122 , 4.947083271613073 , 0.9999990170466181, 4.864285756411846e-07  , 0.9948224891734585, 0.0025182387325912714
szx          , 8.286427728546843e-05 ,    116.34950607752043  , 111.68358830363229, 0.17332348326059493  , 48.51166429822129 , -7.060180534951564e-05 , 0.0007104675049899048  , 5.966007122027813 , 4.947197594962046 , 0.9999988620023039, 5.630283226309984e-07  , 0.9934154330709964, 0.003185862675309181
szx          , 0.00010985411419875573,    117.89687813803157  , 109.17334666761043, 0.17295519105001486  , 45.056371841326495, 0.000133844686888026   , 0.0007280075492329435  , 5.980640087490726 , 4.946675844216961 , 0.9999983449861194, 8.186198670045997e-07  , 0.9886899587305629, 0.005412709899246693
szx          , 0.00014563484775012445,    118.52432968059829  , 107.76639404913331, 0.1728168775725423   , 44.12485258763462 , -4.577634292749736e-05 , 0.0009484564563249677  , 5.982951766801356 , 4.946369666448983 , 0.9999980547538536, 9.620092669138103e-07  , 0.9859644275391861, 0.006694393698126078
szx          , 0.00019306977288832496,    119.16132319547026  , 106.0405061681451 , 0.1726900029522874   , 42.21423278135018 , -0.0006818206395939452 , 0.0009356563826139067  , 5.989461597171299 , 4.946405620335139 , 0.9999972213451428, 1.3737553672399372e-06 , 0.978991749815003 , 0.009974328801035881
szx          , 0.00025595479226995333,    120.14049852950254  , 103.57179818739581, 0.17251989639313128  , 35.96856600873838 , 0.0009208154060918604  , 0.0017276159158315962  , 6.023407601336418 , 4.949618820698961 , 0.9999939759617108, 2.9771390472888015e-06 , 0.9549318263124561, 0.021356740966439247
szx          , 0.000339322177189533  ,    120.68599230949802  , 101.77008162842452, 0.1724349279917831   , 31.584984470164088, 0.0017196147367300174  , 0.002577652246600005   , 6.0337803819778095, 4.959355766477169 , 0.9999891464255584, 5.363174295780482e-06  , 0.9238067531990213, 0.03568143770098686
szx          , 0.0004498432668969444 ,    121.44462642469712  , 98.7835743960892  , 0.17231345529473197  , 25.82096104846789 , 0.00011548635225662748 , 0.004945553321125616   , 6.075663445117184 , 4.9616652109149415, 0.9999786260543864, 1.0562551324255764e-05 , 0.8729736252203377, 0.05906171351671219
szx          , 0.0005963623316594637 ,    121.84507772029455  , 97.09928016913877 , 0.17224875659262792  , 21.258861342289265, -2.7972175421203763e-05, 0.004320118369929302   , 6.108976164369485 , 4.963836256800882 , 0.999959568356612 , 1.9978018826805055e-05 , 0.8184808533455031, 0.08435487747192383
szx          , 0.0007906043210907702 ,    122.12896317509345  , 95.74780799390018 , 0.17220741364198477  , 18.26847505118606 , -0.0026304525380750807 , 0.0017266415584186498  , 6.139941516785554 , 4.973706496896594 , 0.9999380528031021, 3.060778908547945e-05  , 0.778532699851572 , 0.10332445055246353
szx          , 0.0010481131341546852 ,    122.50068275560348  , 93.28555578349908 , 0.17213003264751958  , 14.839660449217021, -0.0038071883605685494 , 0.006610594391449522   , 6.255394516107955 , 5.011601095018578 , 0.9998935579658461, 5.259049794403836e-05  , 0.7386743122438315, 0.1223229393362999
szx          , 0.001389495494373136  ,    122.62465941076823  , 92.38852475590625 , 0.17210868472023985  , 13.608075521793598, -0.0036922090409826805 , 0.009458865437168566   , 6.2979477935857915, 5.028224403658839 , 0.9998630064707357, 6.768447201466188e-05  , 0.7259525467912019, 0.12859170138835907
szx          , 0.0018420699693267163 ,    122.77294800000068  , 90.28388496119511 , 0.1720808475542264   , 12.495310544925067, -0.002614896856672572  , 0.029920536203259105   , 6.42615523617606  , 4.979177301643563 , 0.9998278308801396, 8.508830796927214e-05  , 0.7144924321630325, 0.13403472304344177
szx          , 0.0024420530945486497 ,    122.9501036370875   , 88.32874323796955 , 0.1720487881187942   , 11.401727246916414, -0.007058705194365544  , 0.006445649076783547   , 6.590452976134231 , 4.942990342058192 , 0.9997818355871123, 0.00010781230957945809 , 0.704580562070007 , 0.13877397775650024
szx          , 0.00323745754281764   ,    123.10445148095414  , 85.7279319450796  , 0.1720299437647401   , 10.709410402651779, -0.00023486368179339277, 0.020918141836989382   , 6.725491661118184 , 4.924870824657213 , 0.9997189978684262, 0.00013899301120545715 , 0.7027966553687538, 0.1395789533853531
szx          , 0.004291934260128779  ,    123.31690879016018  , 83.39495592401975 , 0.17200413126743141  , 9.37864943800897  , -0.003494103428353673  , 0.0742086523766201     , 7.225241795885313 , 4.932927319195282 , 0.9996218776457922, 0.00018697533232625574 , 0.7000570031422061, 0.14089111983776093
szx          , 0.005689866029018293  ,    123.34875648899137  , 82.97615978811183 , 0.17200043434769416  , 8.540678777866566 , -0.014435357579356987  , -0.007042669800340071  , 7.866689180311301 , 4.852435103479487 , 0.9995702357845269, 0.0002124890306731686  , 0.6963026406852431, 0.14277322590351105
szx          , 0.0075431200633546075 ,    123.35614228738183  , 81.3465978150498  , 0.171995658458964    , 7.063789883415506 , -0.019970710771248627  , 0.06699697379756508    , 10.495951174348361, 4.989662551074453 , 0.999365751359277 , 0.00031408475479111075 , 0.695605430182274 , 0.14308786392211914
szx          , 0.01                  ,    123.4801916124105   , 78.06616648974253 , 0.17196882197178454  , 5.964352426955254 , -0.20934497037465233   , 0.028693953501051146   , 30.36994906349439 , 5.379119564968792 , 0.999077056015094 , 0.00045671482803300023 , 0.6949903229838803, 0.1433655023574829
sperr        , 1e-08                 ,      6.855957318220366 , 168.55359999159606, 0.9956985033763215   , 61.96173833304452 , -1.7828699167882246e-07, 1.5880587839307642e-08 , 5.921622677849951 , 4.933482865790785 , 1.0000000000013454, -6.646995779312215e-13 , 1.000000000774365 , -3.4794211956068466e-10
sperr        , 1.3257113655901082e-08,      7.417738913584205 , 166.1464810811368 , 0.9929676076366094   , 61.96168189953988 , -2.9810141037370155e-07, 5.90765541168188e-08   , 5.921623357867915 , 4.933482458282384 , 1.0000000000010252, -4.853362178293408e-13 , 1.000000000855269 , -3.8146971692576415e-10
sperr        , 1.757510624854793e-08 ,      8.048524030753358 , 163.79222326631043, 0.9887241245290858   , 61.961721325418424, -9.919275940967612e-08 , -6.443429021329347e-07 , 5.921618872265336 , 4.933483910849871 , 1.0000000000022637, -1.118383380696586e-12 , 1.0000000006984144, -2.987682878874409e-10
sperr        , 2.329951810515372e-08 ,      8.851909706610163 , 161.38498623561108, 0.981991149934653    , 61.96174231385885 , -8.267605892812333e-08 , -1.93608740482202e-07  , 5.921621063444718 , 4.93348231123167  , 1.0000000000024558, -1.2133405174682976e-12, 1.0000000005514669, -2.309679947298804e-10
sperr        , 3.0888435964774783e-08,      9.769834641439392 , 159.05419698189573, 0.9719275811284568   , 61.96185552458457 , -5.991944903046183e-07 , -2.706287009600438e-07 , 5.921625825293899 , 4.933484760626083 , 1.0000000000020715, -1.0234263523450915e-12, 1.0000000000957636, 7.450580950807417e-12
sperr        , 4.0949150623804276e-08,     10.86730750757228  , 156.70277770293086, 0.9567906597356833   , 61.96191165568405 , 2.0685685907243977e-07 , -7.192206189711791e-07 , 5.921621658183416 , 4.933484109201973 , 1.0000000000018152, -8.968169089296207e-13 , 0.999999999597132 , 2.458691583662187e-10
sperr        , 5.4286754393238595e-08,     12.251763372119974 , 154.34450236915865, 0.9349883668022513   , 61.96180655047008 , -1.0993756536251881e-07, 5.68437853018278e-07   , 5.921613049504386 , 4.933485697864229 , 1.000000000002157 , -1.065629464010176e-12 , 0.999999998604822 , 7.651746458670061e-10
sperr        , 7.196856730011513e-08 ,     13.957684563068884 , 152.07988693646672, 0.9070125948717264   , 61.96178263847989 , -3.2571919873746853e-07, -5.47025535912931e-07  , 5.921621606070072 , 4.9334820707850096, 0.9999999999984623, 7.596566604928245e-13  , 0.9999999967291745, 1.7188489520592043e-09
sperr        , 9.540954763499944e-08 ,     16.227897026587254 , 149.86533315345775, 0.8722848328346275   , 61.962566046522895, -3.209635928076525e-06 , 1.135474694688873e-06  , 5.921596178666852 , 4.93347606470996  , 1.0000000000000642, -1.0550787233633546e-14, 0.9999999939767938, 3.1337141770393373e-09
sperr        , 1.2648552168552957e-07,     19.016662222458848 , 147.73267518529073, 0.8331129186404936   , 61.96070658231616 , -7.947915054732713e-07 , -2.1907679741591705e-06, 5.921605422269228 , 4.933483528978709 , 0.9999999999937855, 3.0702790570352745e-12 , 0.9999999884835901, 5.913525669143382e-09
sperr        , 1.67683293681101e-07  ,     22.973670305462544 , 145.86277022734646, 0.8104460006710017   , 61.96251396816653 , -8.055652978062472e-07 , 1.1055768179057234e-06 , 5.921599530266486 , 4.93345262305084  , 0.9999999999919916, 3.9987483810288715e-12 , 0.9999999790294019, 1.0637194236551295e-08
sperr        , 2.2229964825261955e-07,     28.12152717897218  , 143.95478253590682, 0.7689284582050911   , 61.962443794039444, 5.512381337087539e-06  , -1.2666112722466556e-05, 5.921616709261278 , 4.933494459465804 , 0.9999999999704224, 1.4697246891737237e-11 , 0.999999962216269 , 1.9186735755738482e-08
sperr        , 2.94705170255181e-07  ,     34.812896108688854 , 142.3908163315633 , 0.7672434221539203   , 61.96193866373132 , 2.1859831612182784e-06 , 3.3810527017113615e-06 , 5.921609394055346 , 4.9334854151902805, 0.9999999999532311, 2.3190629971914234e-11 , 0.9999999336109927, 3.358647404638759e-08
sperr        , 3.906939937054621e-07 ,     47.5860950375581   , 140.26430675924746, 0.5253449592102517   , 61.96023549892362 , -5.406477792303149e-06 , 1.5378579508823107e-06 , 5.921600767583355 , 4.933512178224978 , 0.9999999999130397, 4.312106574588803e-11  , 0.9999998820703115, 5.961731375236923e-08
sperr        , 5.179474679231213e-07 ,     64.14530976213031  , 138.60404187722844, 0.4203129583575696   , 61.96043216980246 , 9.90347615489939e-06   , 1.997940705106058e-06  , 5.921640724069709 , 4.933505931747449 , 0.9999999998495492, 7.469957291617035e-11  , 0.9999997927904789, 1.0483637424840708e-07
sperr        , 6.866488450042998e-07 ,     85.0373470460308   , 137.15018246719225, 0.3763887156650735   , 61.95753968767484 , 9.464504471537345e-06  , -1.0390443948561096e-06, 5.921651653276456 , 4.933425066894934 , 0.999999999727651 , 1.3506062934709462e-10 , 0.999999639205325 , 1.821599937557039e-07
sperr        , 9.102981779915227e-07 ,    119.35910636088484  , 135.67411233753765, 0.29289784513234907  , 61.96003105545937 , 3.999518809987635e-06  , -3.657412742481339e-05 , 5.921504646298446 , 4.933497054032759 , 0.999999999545423 , 2.2538590438436756e-10 , 0.9999993683591774, 3.1705422998129507e-07
sperr        , 1.2067926406393288e-06,    167.9485399496255   , 134.35275251931938, 0.2556153774997931   , 61.96182271063168 , -5.876060107081164e-05 , -1.4071068994016232e-05, 5.921488400053759 , 4.933504801812749 , 0.9999999992168231, 3.8858546935749416e-10 , 0.9999989583485674, 5.221933179200278e-07
sperr        , 1.5998587196060574e-06,    239.28889665437646  , 133.14332565975857, 0.19933944536013815  , 61.94873381836549 , -2.8806044155018344e-05, 4.198611218122705e-05  , 5.921505629382239 , 4.933532389991719 , 0.9999999987382423, 6.261153262521191e-10  , 0.9999982851215347, 8.584268584854726e-07
sperr        , 2.1209508879201924e-06,    343.299801007       , 132.03095272684476, 0.17019539470200584  , 61.950280340757864, -3.734238998629702e-05 , -1.9230208718904502e-05, 5.921440808877155 , 4.933562791493898 , 0.9999999980759385, 9.540654932749248e-10  , 0.999997203247699 , 1.3911298992752563e-06
sperr        , 2.811768697974231e-06 ,    490.3854995753021   , 130.9996084062439 , 0.14930614053322394  , 61.95674156031653 , 2.3360316474800027e-05 , -3.5907507220323956e-05, 5.921475858165845 , 4.933344176821788 , 0.9999999971221084, 1.4280595594939882e-09 , 0.9999955128038359, 2.211103492300026e-06
sperr        , 3.727593720314938e-06 ,    689.3294553801834   , 130.03225406922473, 0.12592282557815063  , 61.982010728848024, 4.371952384829117e-05  , 3.909152661359865e-06  , 5.921573909784637 , 4.933362682868582 , 0.9999999959047279, 2.0317438842454294e-09 , 0.9999931394624578, 3.366255668879603e-06
sperr        , 4.941713361323838e-06 ,    944.3622867023458   , 129.09934866888432, 0.1095190577113349   , 61.94811297766813 , -0.0001094980146797534 , -0.00010267298614123332, 5.92118507211939  , 4.933075112465827 , 0.999999994402612 , 2.773675289446942e-09  , 0.9999897864188514, 4.982202426617732e-06
sperr        , 6.551285568595509e-06 ,   1252.6279462752186   , 128.18371930284448, 0.0905882020548666   , 61.96915185936935 , -6.583977994395152e-05 , -0.00013262227988163387, 5.920839509578254 , 4.933148940811724 , 0.9999999924623416, 3.738164888744677e-09  , 0.999984087258825 , 7.714103958278429e-06
sperr        , 8.68511373751352e-06  ,   1606.81429599936     , 127.2508288945423 , 0.07564319152363153  , 61.9548917948142  , 0.00028896246048917167 , -0.0001332645196467598 , 5.922028353822492 , 4.93340589681463  , 0.9999999898769801, 5.022575688684583e-09  , 0.9999761295070939, 1.1540410014276858e-05
sperr        , 1.1513953993264481e-05,   2006.3077251754207   , 126.2747720933692 , 0.06686164962062276  , 62.02215507114212 , -1.307642555938484e-07 , -0.0001233885912337377 , 5.922752485805397 , 4.93349080939776  , 0.9999999868438115, 6.5271810179012846e-09 , 0.9999657916246689, 1.6318839698215015e-05
sperr        , 1.5264179671752335e-05,   2454.428403170239    , 125.24627979346482, 0.06075714687507382  , 61.88119922652503 , 0.0001180967323460359  , -0.0004113295076557309 , 5.922260928422902 , 4.934550949689965 , 0.9999999819124218, 8.978234156131748e-09  , 0.999947110112354 , 2.5089282644330524e-05
sperr        , 2.0235896477251556e-05,   2964.2092007501615   , 124.14616275059004, 0.058121150182614364 , 61.99384298411296 , -0.0002610489841887006 , -0.000135841954796925  , 5.9224306682851235, 4.934189136466951 , 0.9999999758653044, 1.1973170011003731e-08 , 0.9999238210536766, 3.6018784157931805e-05
sperr        , 2.6826957952797274e-05,   3545.76755019332     , 122.96461621528302, 0.04846514309346502  , 61.968206121789436, -0.00021408871787538818, -0.0008486599012461399 , 5.923199819650717 , 4.934826359046583 , 0.9999999657579811, 1.6977766748027534e-08 , 0.9998842939973868, 5.440508175524883e-05
sperr        , 3.5564803062231284e-05,   4213.5799946974175   , 121.69579174847827, 0.04384767027982834  , 61.945853093491934, 0.00024979530094201705 , -1.9615737612871482e-05, 5.92785436028618  , 4.9336505443460466, 0.9999999537258275, 2.292516043667092e-08  , 0.9998344689904818, 7.729967910563573e-05
sperr        , 4.71486636345739e-05  ,   5003.694579474174    , 120.36576165518626, 0.04007869543206793  , 61.91198284803746 , 7.988115799321427e-05  , -0.001121260613956485  , 5.925374829482066 , 4.934483945091225 , 0.9999999352727894, 3.2069920052890666e-08 , 0.999739910666302 , 0.00012057704589096829
sperr        , 6.250551925273976e-05 ,   5922.433999197359    , 118.95481285399532, 0.03799675125290222  , 62.27455129233044 , -0.0004470741668223557 , -0.00023584122204564154, 5.929787705129841 , 4.9393952465309425, 0.9999999096795009, 4.4762018092114886e-08 , 0.9996076955953793, 0.00018156073929276317
sperr        , 8.286427728546843e-05 ,   6998.924906235633    , 117.49359350090559, 0.04032976487135515  , 62.39872585467893 , -3.451065262128753e-05 , 0.00034971375420731984 , 5.9284558822666416, 4.936335272070098 , 0.9999998732020761, 6.278435904505386e-08  , 0.9994173274112871, 0.00026821004576049745
sperr        , 0.00010985411419875573,   8327.610747066208    , 115.99270591301384, 0.030615883108702006 , 61.46803385565987 , -0.002678682328400202  , 0.000128432426932392   , 5.932370470304998 , 4.939977979551264 , 0.999999804513942 , 9.692335112276851e-08  , 0.9990755528805989, 0.00042597760329954326
sperr        , 0.00014563484775012445,   9830.225992387166    , 114.46169310152781, 0.02942282812131963  , 62.11147864646155 , -0.0021583598799625563 , -0.0035896171574410275 , 5.95129793468211  , 4.945086105090779 , 0.9999997456660571, 1.2594287568390428e-07 , 0.9988136745853107, 0.0005467659793794155
sperr        , 0.00019306977288832496,  11673.725637072494    , 112.9178216913393 , 0.0284254998272288   , 61.055108565458234, 0.00275187382310216    , -0.0008801623946937347 , 5.968583207817788 , 4.945578411838757 , 0.9999996419388459, 1.7734851098794024e-07 , 0.9983594727664773, 0.0007575479685328901
sperr        , 0.00025595479226995333,  13876.900804083747    , 111.37565778852564, 0.02733038340206305  , 62.66078323810905 , 0.005225832245077164   , -0.00189829007035208   , 5.941039288168361 , 4.94928515373859  , 0.9999994448823125, 2.7508508537721355e-07 , 0.9975182433818516, 0.0011391200823709369
sperr        , 0.000339322177189533  ,  16466.347652825378    , 109.76176880963672, 0.02650253388457555  , 62.54670469067452 , 0.0034422151431572736  , -0.00267299743018148   , 5.942568262636316 , 4.975107145993328 , 0.9999991598733686, 4.1662363514660683e-07 , 0.9960188821891008, 0.001823660102672875
sperr        , 0.0004498432668969444 ,  19660.451984774332    , 108.1366971456766 , 0.025926231656936964 , 64.08708634956162 , 0.003117859223667939   , -0.0007733008950514929 , 5.978244676744958 , 4.980338946742823 , 0.9999988112300271, 5.903862074774224e-07  , 0.9944948557786994, 0.002515549538657069
sperr        , 0.0005963623316594637 ,  23423.647565676525    , 106.51683069456868, 0.02539057781071333  , 60.72439624293058 , 0.0027097595273074056  , 0.0008053655789200646  , 5.975392220690882 , 4.990503796488747 , 0.999998327812009 , 8.303369440909592e-07  , 0.9937733391529966, 0.002855689963325858
sperr        , 0.0007906043210907702 ,  28102.1869692789      , 104.97262909447406, 0.025219632560766935 , 59.27704039376522 , 0.0032237348814521086  , 0.016242162981832533   , 6.004107746301265 , 4.970625192000003 , 0.999997598557089 , 1.1919481721633929e-06 , 0.9907068727402806, 0.004224804695695639
sperr        , 0.0010481131341546852 ,  33676.9478390462      , 103.47892258298947, 0.024755416700059003 , -1                , -1                     , -1                     , -1                , -1                , 0.9999961555532673, 1.9059950773225864e-06 , 0.9865549397501588, 0.0061205243691802025
sperr        , 0.001389495494373136  ,  40191.83636717339     , 101.88881167637136, 0.02458464492013936  , 96.59830875151064 , -0.03690657925903887   , 0.03455751045071507    , 1.6599863615851027, 1.6604056106666176, 0.9999950140426899, 2.4732050860620802e-06 , 0.9825774760424596, 0.007920580916106701
sperr        , 0.0018420699693267163 ,  48583.13786616501     , 100.33177156547967, 0.024553236144436958 , 147.31072128475125, -0.03811894713607661   , -0.0038042287495720444 , 1.6675206816837285, 1.6644651665371895, 0.9999927921708149, 3.5749596918321913e-06 , 0.9767643486640424, 0.01059861108660698
sperr        , 0.0024420530945486497 ,  57981.110852744256    , 98.828298776381   , 0.02453564811435445  , -1                , -1                     , -1                     , -1                , -1                , 0.9999908220673822, 4.5623037294717506e-06 , 0.9761819406253817, 0.010909128934144974
sperr        , 0.00323745754281764   ,  69213.82378559464     , 97.17850989252689 , 0.024478599522159045 , 63.807058837171695, 0.04578961189097018    , 0.07484804497463232    , 6.148220914178982 , 5.022343720603707 , 0.9999860612860149, 6.928858965693507e-06  , 0.9720479630249219, 0.012732608243823051
sperr        , 0.004291934260128779  ,  82537.5441159685      , 95.56517001391471 , 0.024387528864345833 , -1                , -1                     , -1                     , -1                , -1                , 0.9999788136775605, 1.0520103387534618e-05 , 0.962532023049427 , 0.017016123980283737
sperr        , 0.005689866029018293  ,  96873.39058208856     , 94.00320331319938 , 0.02432456508201803  , 58.26098115676997 , -0.07116868929990823   , 0.049087014689331965   , 6.2982429468967   , 5.170839461943396 , 0.9999734259162553, 1.3194750863476656e-05 , 0.9630546517712948, 0.016811780631542206
sperr        , 0.0075431200633546075 , 115605.34356514788     , 92.43284489572801 , 0.02428866418523738  , 67.7958820945756  , 0.04240582760903693    , 0.031205027521733906   , 6.50616553878162  , 5.370243338360213 , 0.9999604997826657, 1.968980359379202e-05  , 0.9453729291411873, 0.024889199063181877
sperr        , 0.01                  , 134332.42132639792     , 90.80358268359689 , 0.024240154361108754 , 74.1232037559164  , 0.09254567842773584    , 0.055786069996381936   , 6.401375074216621 , 5.108642458275013 , 0.9999440092602075, 2.7819487513625063e-05 , 0.9441060364676331, 0.02557782270014286
mgard        , 1e-08                 ,      1.1505023263036924, 208.33696456761575, 0.9999978170922619   , 61.96174183758845 , -9.563655693204242e-12 , -2.235739175195289e-08 , 5.921621642233757 , 4.933483089548018 , 1.0000000000004057, -2.0046495659200442e-13, 1.0000000004953296, -2.250075403775753e-10
mgard        , 1.3257113655901082e-08,      1.5277590990352605, 205.09756396040814, 0.9999955238153799   , 61.9617327688867  , -4.39597376115169e-09  , -1.1741656099854959e-08, 5.921621643303531 , 4.933483088176501 , 1.0000000000017084, -8.440629380331022e-13 , 1.0000000005844887, -2.652406627667858e-10
mgard        , 1.757510624854793e-08 ,      1.8238584323221945, 203.08774169990315, 0.9999930004047588   , 61.96174096862568 , -5.344307925897168e-09 , -3.460238517440492e-09 , 5.921621579511794 , 4.933483064386158 , 1.000000000000235 , -1.1605865194667248e-13, 1.0000000008024337, -3.635883261132733e-10
mgard        , 2.329951810515372e-08 ,      2.1779943794928265, 201.31873605327263, 0.9999882739652985   , 61.961733741520064, 9.705765259559953e-09  , 1.396499800662344e-08  , 5.921621577609629 , 4.933483082203393 , 1.0000000000002989, -1.4771101280054016e-13, 1.00000000070667  , -3.2037497654791025e-10
mgard        , 3.0888435964774783e-08,      2.5209818578686294, 198.92315084287904, 0.9999791166425364   , 61.96170830052553 , -2.2500388065579866e-09, -2.1387582695630075e-08, 5.921621766013591 , 4.933483176574512 , 1.0000000000003204, -1.5826180426933845e-13, 1.0000000007694119, -3.471970488888587e-10
mgard        , 4.0949150623804276e-08,      2.9769573902461453, 196.62232248930766, 0.9999626047828483   , 61.96175771476494 , 1.4499000568557776e-08 , -2.6210583951495213e-08, 5.921621597842242 , 4.933482987159757 , 1.0000000000005553, -2.743204697685381e-13 , 1.0000000005597223, -2.5108456980227345e-10
mgard        , 5.4286754393238595e-08,      3.4845723502540316, 194.25919802387102, 0.999937958422672    , 61.96170538843665 , 1.6481362512560838e-09 , -1.3278726514789547e-08, 5.921621749979924 , 4.933483160634723 , 1.0000000000000213, -1.0550787233633546e-14, 1.0000000006340217, -2.861023085110048e-10
mgard        , 7.196856730011513e-08 ,      3.966890172883762 , 191.85736314172712, 0.9998861969290709   , 61.961688991360205, -5.61787119754843e-08  , 1.8736006750696127e-08 , 5.92162169747463  , 4.933483069996332 , 1.000000000001687 , -8.335121872218854e-13 , 1.0000000005349559, -2.413988176019899e-10
mgard        , 9.540954763499944e-08 ,      4.410159814537138 , 189.33668120563934, 0.9998088929678473   , 61.961769174372805, -2.5133516238055486e-08, 1.3157361213811521e-07 , 5.921621497842179 , 4.933482693800009 , 0.9999999999999573, 2.110157446726709e-14  , 1.0000000006109064, -2.771615992269716e-10
mgard        , 1.2648552168552957e-07,      4.908771015522092 , 187.02834530099136, 0.9996584395015614   , 61.961786059172745, 3.394642275876858e-08  , -1.2097899944829262e-07, 5.921621506354357 , 4.933482654680004 , 1.0000000000032887, -1.624821154358469e-12 , 1.0000000006670438, -3.024935857354194e-10
mgard        , 1.67683293681101e-07  ,      5.310292828060527 , 184.9358841048125 , 0.999451036892558    , 61.961715114865825, 7.555544670104621e-10  , -3.874077025002111e-09 , 5.921621688901938 , 4.933483040446854 , 1.0000000000003204, -1.5826180426933845e-13, 1.0000000006587881, -3.002584014755172e-10
mgard        , 2.2229964825261955e-07,      5.701041095283015 , 182.35497103295071, 0.9988787200274164   , 61.962067501994355, -3.62787342333343e-08  , 1.2059038376872086e-08 , 5.92162071690053  , 4.933482513085231 , 1.0000000000004057, -2.0046495659200442e-13, 1.000000000539909 , -2.436339741063165e-10
mgard        , 2.94705170255181e-07  ,      6.089225704700637 , 180.05662990865227, 0.9983543959914584   , 61.96156614145026 , -1.0733576923780822e-07, -8.93822269608664e-08  , 5.921622425752082 , 4.93348305817406  , 1.000000000001196 , -5.908440512021607e-13 , 1.000000000789225 , -3.531575309967394e-10
mgard        , 3.906939937054621e-07 ,      6.408064800099518 , 177.42952253026215, 0.9971349704329077   , 61.96177332737145 , -1.0374872185814088e-08, 5.417249759912504e-07  , 5.921621586862514 , 4.9334818201011466, 1.0000000000015377, -7.596566604928245e-13 , 1.000000001060005 , -4.783272666841754e-10
mgard        , 5.179474679231213e-07 ,      6.656337959519454 , 175.12127306623623, 0.9952168956411176   , 61.96187801899237 , -5.9049919116500786e-08, 4.406011235289341e-10  , 5.921621113970448 , 4.933482216611605 , 1.0000000000008755, -4.325822740378765e-13 , 1.000000000757854 , -3.4198163745280397e-10
mgard        , 6.866488450042998e-07 ,      6.976171281352931 , 172.27397561932497, 0.9894746612299645   , 61.96195026155458 , -1.961532578366206e-07 , -1.8888635935602266e-08, 5.921621293180305 , 4.933483330078635 , 0.9999999999995302, 2.3211730389334495e-13 , 1.0000000005927443, -2.6598573343861176e-10
mgard        , 9.102981779915227e-07 ,      7.245891620058321 , 170.44738551143388, 0.985379704476631    , 61.96131629968449 , 2.824553269047037e-07  , 4.5649970015373777e-07 , 5.921623665080716 , 4.933487982336402 , 1.0000000000005766, -2.848712476848092e-13 , 1.0000000009378238, -4.1127204419844077e-10
mgard        , 1.2067926406393288e-06,      7.445426792463459 , 167.70724622905055, 0.9718576663080072   , 61.9620454293501  , 4.5680165536752636e-07 , 9.265454911477032e-07  , 5.921619950043934 , 4.933477678829687 , 0.9999999999992739, 3.587267473088157e-13  , 1.000000000454052 , -1.914799152569202e-10
mgard        , 1.5998587196060574e-06,      7.773547193772566 , 164.77239739761546, 0.9470471275562753   , 61.96131532459725 , 6.002696407500637e-08  , 1.000907074203242e-06  , 5.92162499746532  , 4.933487423085453 , 1.0000000000032674, -1.6142703493371435e-12, 1.0000000002228984, -8.270144291611103e-11
mgard        , 2.1209508879201924e-06,      8.0463320307795   , 162.42711261472078, 0.9268162156866605   , 61.96201002760755 , -4.916788947197617e-07 , -1.1566546374097102e-06, 5.921622244022974 , 4.933481112142668 , 1.0000000000010036, -4.958869686405576e-13 , 1.0000000001750164, -4.0233136266998315e-11
mgard        , 2.811768697974231e-06 ,      8.266326615946868 , 160.14209278780015, 0.8984735063996869   , 61.96489713950304 , -2.2314055325946146e-07, 1.7775629159900719e-07 , 5.9216135205254306, 4.933470521590904 , 0.9999999999998078, 9.495708256160307e-14  , 0.9999999995426458, 2.898275786034077e-10
mgard        , 3.727593720314938e-06 ,      8.642719762972105 , 157.78962960235071, 0.8652108754300918   , 61.95899278154607 , -8.175760702637107e-07 , -2.409834023192141e-06 , 5.921628766946774 , 4.933486794791264 , 1.0000000000001494, -7.385550640027008e-14 , 0.9999999985965665, 7.271766522265466e-10
mgard        , 4.941713361323838e-06 ,      8.87874613457259  , 155.192772743213  , 0.8028998499015825   , 61.95731891277356 , -5.667437379431383e-07 , 1.7682883609243893e-06 , 5.9216264877943114, 4.933486899746536 , 0.9999999999999146, 4.220314893453418e-14  , 0.9999999968464025, 1.604855026648977e-09
mgard        , 6.551285568595509e-06 ,      9.365626919119363 , 152.61638430693517, 0.7527853758839335   , 61.96119703968533 , 6.35026038883971e-07   , -3.794846081351348e-07 , 5.921623706280601 , 4.933483437413616 , 0.9999999999935506, 3.18633769542942e-12   , 0.9999999922035143, 3.926456049185845e-09
mgard        , 8.68511373751352e-06  ,      9.876943222194118 , 150.1475060999893 , 0.6571216921738076   , 61.96056215528358 , -5.320362363717365e-06 , -5.772217364702448e-06 , 5.921643092333853 , 4.933516943077302 , 0.9999999999870157, 6.414878610944141e-12  , 0.9999999883448979, 5.917996315218943e-09
mgard        , 1.1513953993264481e-05,     10.485904269266808 , 148.06515514308046, 0.6459866765272376   , 61.954738669554104, 5.313767018496552e-07  , -2.052206356477814e-05 , 5.921663438877568 , 4.933540875889481 , 0.999999999976103 , 1.1806330219021888e-11 , 0.9999999796815856, 1.0821223028756322e-08
mgard        , 1.5264179671752335e-05,     11.407803203784612 , 145.3804501066931 , 0.5213542472644338   , 61.97429731828369 , -2.6528839729389834e-06, -3.5666148266999504e-06, 5.921566236443118 , 4.933471381100599 , 0.999999999971362 , 1.4190808250713616e-11 , 0.9999999679901593, 1.5809387576837253e-08
mgard        , 2.0235896477251556e-05,     12.139366013285253 , 143.0156820103712 , 0.4998166721983019   , 61.941367317615814, -1.8929656339751396e-06, -1.9502436487077928e-05, 5.9217183461105085, 4.933515474261463 , 0.9999999999470807, 2.621870602570464e-11  , 0.9999999487845851, 2.6381760775961993e-08
mgard        , 2.6826957952797274e-05,     13.539887422230318 , 140.60740175925966, 0.4109074631818608   , 61.95859824793836 , 5.477054108600769e-06  , -1.6567445725170303e-05, 5.921668062291655 , 4.933525160046972 , 0.9999999999032587, 4.7963875926537725e-11 , 0.9999999017728662, 4.937648867553435e-08
mgard        , 3.5564803062231284e-05,     14.667191778048226 , 138.2403605214701 , 0.3725721275665396   , 61.9612492678493  , -1.2240062737074387e-05, -1.2859729089256892e-05, 5.921603675405049 , 4.933526478477973 , 0.9999999998554647, 7.159763754094328e-11  , 0.999999851508484 , 7.489994402476441e-08
mgard        , 4.71486636345739e-05  ,     16.653209101112502 , 135.76526161980559, 0.2866829478678614   , 61.9525559687116  , -3.006313406543316e-06 , 3.0172249865617507e-05 , 5.921546145812083 , 4.933720758569421 , 0.9999999995708149, 2.1286213069959814e-10 , 0.9999996114850375, 1.9857138511270023e-07
mgard        , 6.250551925273976e-05 ,     17.80386139734369  , 133.43230196798902, 0.2713419025697303   , 61.956079291822746, 2.4113368906324655e-05 , -4.688523924010421e-06 , 5.921636129885977 , 4.933278549096806 , 0.9999999993987735, 2.985134084365626e-10  , 0.9999994351758191, 2.81687817960119e-07
mgard        , 8.286427728546843e-05 ,     19.179417539760426 , 131.05929840693975, 0.21816918405288205  , 61.93865495311546 , 5.60873986891064e-07   , -2.402809356231458e-05 , 5.9216871910800295, 4.933214562094036 , 0.9999999983694511, 8.115348948400936e-10  , 0.9999987742114925, 6.089679800425074e-07
mgard        , 0.00010985411419875573,     21.596840370346957 , 128.94476601644143, 0.14815953324737768  , 62.0783242397147  , -2.8739252970468586e-06, -2.5865687539110392e-05, 5.9211806383011725, 4.932946115998444 , 0.9999999984285636, 7.799774714989383e-10  , 0.9999984085014982, 8.135706366374507e-07
mgard        , 0.00014563484775012445,     23.020751601498397 , 126.65379830226625, 0.11780766220193743  , 62.048944442922206, 2.1059186279465234e-05 , -1.64877804024184e-05  , 5.921383986834728 , 4.9334155559106385, 0.9999999950011264, 2.495218920373077e-09  , 0.9999971099623022, 1.4524512153002433e-06
mgard        , 0.00019306977288832496,     24.48150413664357  , 124.53810866789551, 0.09236216478445648  , 61.88846059771872 , 7.449540373570902e-06  , -0.00017806005852469064, 5.9219877685715465, 4.933344570542285 , 0.9999999802727967, 9.83005232768619e-09   , 0.9999939419622237, 3.1385391139338026e-06
mgard        , 0.00025595479226995333,     25.686668341311993 , 122.28224446509877, 0.07079101685686127  , 62.21861939164133 , -5.544547815762064e-05 , 0.00010948099380324875 , 5.921060750036732 , 4.932775985908105 , 0.9999999744263374, 1.2781571356867971e-08 , 0.9999902037900571, 4.933728178002639e-06
mgard        , 0.000339322177189533  ,     26.842546378619623 , 120.08591968547802, 0.05015741238564466  , 62.48175017343911 , 3.37140532125614e-05   , -0.0001655583968642751 , 5.919929691621051 , 4.933308157645681 , 0.99999995757946  , 2.1128679250637106e-08 , 0.9999828166793258, 8.560290552850347e-06
mgard        , 0.0004498432668969444 ,     27.81203507476448  , 117.84581328988558, 0.026802732885992085 , 63.30876416775325 , 1.4729198821434606e-05 , -7.86681088324773e-05  , 5.917722920133584 , 4.932502708301587 , 0.9999999014422517, 4.915149531825591e-08  , 0.9999523088344247, 2.4090684746624902e-05
mgard        , 0.0005963623316594637 ,     28.583500955532013 , 115.5083011981835 , 0.0106675327017812   , 272.2005138960774 , 0.035583997032839064   , 0.022262276118985718   , 1.6654681150338997, 1.670203676218268 , 0.999999798908033 , 1.0037569353471554e-07 , 0.999911315801071 , 4.416493538883515e-05
mgard        , 0.0007906043210907702 ,     29.223837051816894 , 113.74207781226332, 0.0032978811290385285, 159.37498111341392, 0.02395036800788083    , 0.00956066813249038    , 1.6711892928984093, 1.6691270296661527, 0.9999996011856721, 1.985780073709975e-07  , 0.9998291514950116, 8.597368287155405e-05
mgard        , 0.0010481131341546852 ,     29.723043201047602 , 112.43006346708582, 0.0032887354796767685, 65.79853898542129 , 1.1946659871262767e-05 , -0.00037454409567314365, 5.90817561851069  , 4.922875514329463 , 0.9999994556814958, 2.7158620241607423e-07 , 0.9997637169166285, 0.0001187935340567492
mgard        , 0.001389495494373136  ,     30.11112119055935  , 111.16117998330986, 0.0030998401401772604, 66.41946031384522 , 0.0002496005608133742  , -0.00027687195722551694, 5.907651642655681 , 4.926813942924529 , 0.9999992822226906, 3.582492809073301e-07  , 0.9996748748347369, 0.00016241695266216993
mgard        , 0.0018420699693267163 ,     30.443460837607162 , 109.90885849573841, 0.0029879789574993433, 67.72397157461418 , 0.00011714554743187462 , 0.0006352426055902922  , 5.904196308040015 , 4.922771165990204 , 0.9999990472010103, 4.756753071433195e-07  , 0.9995190656036551, 0.00024542317260056734
mgard        , 0.0024420530945486497 ,     30.696819486598606 , 108.69975100726833, 0.0027026265314167735, -1                , -1                     , -1                     , -1                , -1                , 0.9999986893257787, 6.537044896504085e-07  , 0.9993306434914015, 0.0003438105050008744
mgard        , 0.00323745754281764   ,     30.896221036558888 , 107.50334690158627, 0.002487162684479169 , -1                , -1                     , -1                     , -1                , -1                , 0.9999984720426179, 7.61999274345726e-07   , 0.9991202762747735, 0.0004469656851142645
mgard        , 0.004291934260128779  ,     31.057423005189634 , 106.2405916491329 , 0.002230328042934952 , 138.81176347643208, 0.018132876779822418   , 0.004033187800167295   , 1.665533544582    , 1.6646729888031822, 0.999998219234816 , 8.883004625204194e-07  , 0.9987815542514965, 0.0006117848679423332
mgard        , 0.005689866029018293  ,     31.187288743259458 , 105.03315985959469, 0.001990598961966657 , 71.70072162016479 , -8.42221001071264e-05  , 0.003436225081830026   , 5.886041281957723 , 4.914548905908061 , 0.9999977965642707, 1.0969093864332535e-06 , 0.9983705780595293, 0.0008146580657921731
mgard        , 0.0075431200633546075 ,     31.293139183915432 , 103.82118113981736, 0.001787148237517769 , 73.62731562892614 , -0.00034856113040253507, 0.0073822429685740975  , 5.885261548491202 , 4.89552726474595  , 0.9999970378336421, 1.4744692862223019e-06 , 0.9976048783929063, 0.0012161273043602705
mgard        , 0.01                  ,     31.377686894381647 , 102.67791721475434, 0.0015824667340729882, 87.02900380499864 , 0.017773699180721473   , 0.03644580408338094    , 1.6688319807451761, 1.653353241413795 , 0.9999965993733471, 1.6932343669395777e-06 , 0.9967432162636205, 0.0015957378782331944
